;nom;joueurs;age;duree_minutes;image_url
0;Duel Pour Cardia;2 — 4;9+;15;https://www.myludo.fr/img/jeux/1759436102/300/dk/88763.png
1;Behind - Purple;1+;10+;45 — 90;https://www.myludo.fr/img/jeux/1763063248/300/dk/88776.png
2;Agent Avenue;Duo;8+;15;https://www.myludo.fr/img/jeux/1746852544/300/df/83589.png
3;Bomb Busters;2 — 5;12+;30 — 60;https://www.myludo.fr/img/jeux/1752560085/300/cx/75440.png
4;Miams;2 — 5;10+;30 — 60;https://www.myludo.fr/img/jeux/1762459636/300/dh/85908.png
5;Zenith;2 — 4;12+;30;https://www.myludo.fr/img/jeux/1753050129/300/dc/80026.png
6;Tag Team;Duo;10+;15;https://www.myludo.fr/img/jeux/1762458113/300/dh/85065.png
7;7 Wonders Dice;2 — 7;10+;30;https://www.myludo.fr/img/jeux/1762378691/300/dj/87440.png
8;Take Time;2 — 4;10+;30;https://www.myludo.fr/img/jeux/1759586525/300/dh/85636.png
9;Eternal Decks;1 — 4;14+;30 — 40;https://www.myludo.fr/img/jeux/1763062739/300/dj/87023.png
10;Le Hobbit - Histoire D'Un Aller Et Retour;1 — 4;10+;30 — 60;https://www.myludo.fr/img/jeux/1762539019/300/dm/90147.png
11;Génial !;1 — 4;8+;45;https://www.myludo.fr/img/jeux/1744363019/300/df/83724.png
12;Présages;4 — 6;10+;20 — 30;https://www.myludo.fr/img/jeux/1762534962/300/dc/80650.png
13;Let'S Summon Demons;2 — 6;14+;30;https://www.myludo.fr/img/jeux/1755412152/300/bz/51309.png
14;Prey Another Day;2 — 5;8+;15;https://www.myludo.fr/img/jeux/1735196620/300/cy/76945.png
15;Flip 7;3+;8+;20;https://www.myludo.fr/img/jeux/1757258404/300/dc/80750.png
16;Jungo;3 — 5;10+;15;https://www.myludo.fr/img/jeux/1753035029/300/da/78952.png
17;Cluedo;2 — 6;8+;30 — 60;https://www.myludo.fr/img/jeux/1708430716/300/cx/75350.png
18;Monopoly;2 — 6;8+;90;https://www.myludo.fr/img/jeux/1758473893/300/dg/84635.png
19;Tussie Mussie;1 — 4;8+;30;https://www.myludo.fr/img/jeux/1758221039/300/cd/55723.png
20;L'Imposteur;4 — 6;10+;15;https://www.myludo.fr/img/jeux/1730309396/300/cb/53817.png
21;Héroïnes;3 — 6;12+;45;https://www.myludo.fr/img/jeux/1747667590/300/bn/39709.png
22;Odin;2 — 6;7+;15;https://www.myludo.fr/img/jeux/1757100335/300/cv/73349.png
23;Pentago;Duo;8+;15;https://www.myludo.fr/img/jeux/1705652591/300/cw/74197.png
24;Pina Coladice;2 — 4;7+;10;https://www.myludo.fr/img/jeux/1759826873/300/cw/74894.png
25;Cheesenapping!;4 — 8;6+;30 — 60;https://www.myludo.fr/img/jeux/1713424568/300/cw/74817.png
26;For A Crown;3 — 5;8+;30;https://www.myludo.fr/img/jeux/1762534999/300/dc/80678.png
27;Courtisans;2 — 5;8+;20 — 30;https://www.myludo.fr/img/jeux/1741895709/300/cv/73844.png
28;Order Overload Cafe;2 — 6;6+;30;https://www.myludo.fr/img/jeux/1727944501/300/cj/61961.png
29;Trésor Des Dragons;2 — 5;5+;15;https://www.myludo.fr/img/jeux/1663781292/300/ab/1123.png
30;Full Metal Planète;2 — 4;12+;150;https://www.myludo.fr/img/jeux/1748283572/300/as/18035.png
31;L'Enclume;2 — 12;12+;15 — 30;https://www.myludo.fr/img/jeux/1742370615/300/ci/60998.png
32;Maka Bana;3 — 6;10+;30 — 60;https://www.myludo.fr/img/jeux/1752754869/300/by/50969.png
33;Mille Sabords !;2 — 5;8+;30;https://www.myludo.fr/img/jeux/1732882597/300/ac/2734.png
34;Faraway - Le Peuple Du Dessous;2 — 7;10+;20;https://www.myludo.fr/img/jeux/1754310034/300/db/79062.png
35;Behind;1+;10+;45 — 90;https://www.myludo.fr/img/jeux/1751746039/300/da/78600.png
36;Duel Pour La Terre Du Milieu;Duo;10+;30;https://www.myludo.fr/img/jeux/1751979918/300/cz/77250.png
37;The Gang;3 — 6;10+;20;https://www.myludo.fr/img/jeux/1741896016/300/db/79285.png
38;2 Pommes 3 Pains;2 — 6;8+;15 — 30;https://www.myludo.fr/img/jeux/1753051801/300/cx/75231.png
39;Niwashi;Duo;8+;20;https://www.myludo.fr/img/jeux/1741986359/300/cx/75432.png
40;Profiler;3 — 8;10+;30;https://www.myludo.fr/img/jeux/1729961349/300/db/79240.png
41;Mamma Mia !;2 — 6;10+;30;https://www.myludo.fr/img/jeux/1739780748/300/ai/8148.png
42;Chick Chick Boom;2 — 6;7+;30;https://www.myludo.fr/img/jeux/1728986507/300/dc/80889.png
43;Pixies;2 — 5;8+;30;https://www.myludo.fr/img/jeux/1751635844/300/cw/74105.png
44;Billabong;2 — 4;10+;30 — 60;https://www.myludo.fr/img/jeux/1721785792/300/az/25427.png
45;Crazy Kick;2 — 8;8+;15;https://www.myludo.fr/img/jeux/1594570246/300/ae/4825.png
46;Crazy Kick;2 — 8;8+;15;https://www.myludo.fr/img/jeux/1743548213/300/dd/81731.png
47;Sire Sire;2 — 4;8+;20;https://www.myludo.fr/img/jeux/1700571537/300/cu/72194.png
48;Fake Crystal;2 — 5;10+;40;https://www.myludo.fr/img/jeux/1730719500/300/cv/73682.png
49;Symphonimo;2 — 6;8+;20;https://www.myludo.fr/img/jeux/1728033483/300/dc/80753.png
50;Château Combo;2 — 5;10+;25;https://www.myludo.fr/img/jeux/1753030704/300/da/78168.png
51;Rêvelune;3 — 6;10+;30;https://www.myludo.fr/img/jeux/1746622646/300/cx/75413.png
52;Too Many Bones;1 — 4;12+;60 — 120;https://www.myludo.fr/img/jeux/1750649058/300/by/50488.png
53;Frantic;2 — 8;12+;5 — 45;https://www.myludo.fr/img/jeux/1676901465/300/cl/63226.png
54;Ratjack;2 — 4;10+;15 — 30;https://www.myludo.fr/img/jeux/1732613935/300/cx/75537.png
55;Cabanga;3 — 6;8+;20;https://www.myludo.fr/img/jeux/1740229907/300/cz/77077.png
56;Les Charlatans De Belcastel – Le Duel;Duo;10+;30 — 40;https://www.myludo.fr/img/jeux/1757048812/300/cx/75751.png
57;Harmonies;1 — 4;10+;30;https://www.myludo.fr/img/jeux/1753621706/300/cx/75080.png
58;Forêt Mixte;2 — 5;10+;45;https://www.myludo.fr/img/jeux/1759999662/300/cr/69457.png
59;Dékal;2 — 6;7+;10 — 20;https://www.myludo.fr/img/jeux/1753050088/300/cy/76176.png
60;Wyrmspan;1 — 5;14+;90;https://www.myludo.fr/img/jeux/1745779464/300/cv/73777.png
61;Looot;2 — 4;10+;35;https://www.myludo.fr/img/jeux/1755419832/300/cw/74079.png
62;Coloretto;2 — 5;8+;30;https://www.myludo.fr/img/jeux/1729377964/300/ar/17089.png
63;Quando;2 — 6;8+;4 — 24;https://www.myludo.fr/img/jeux/1748248806/300/cx/75630.png
64;Sync Or Swim;3 — 6;14+;30 — 45;https://www.myludo.fr/img/jeux/1733668499/300/cv/73825.png
65;Cyberpunk 2077;1 — 4;14+;60 — 120;https://www.myludo.fr/img/jeux/1713519851/300/cy/76582.png
66;Onix;2 — 6;7+;15 — 25;https://www.myludo.fr/img/jeux/1716194517/300/cx/75176.png
67;Olympikos;2 — 6;8+;15 — 30;https://www.myludo.fr/img/jeux/1754002777/300/cy/76518.png
68;Eat Zem All;2 — 4;13+;45;https://www.myludo.fr/img/jeux/1726606579/300/co/66424.png
69;Middle Ages;2 — 5;10+;30;https://www.myludo.fr/img/jeux/1755419484/300/cv/73789.png
70;Faux-Culte !! - Le Pire Contre-Attaque;2+;14+;20;https://www.myludo.fr/img/jeux/1725093959/300/cv/73871.png
71;Secret Identity;3 — 8;10+;20 — 40;https://www.myludo.fr/img/jeux/1714587554/300/cy/76998.png
72;Les Toits De Paris;2 — 4;10+;25;https://www.myludo.fr/img/jeux/1740627868/300/cm/64810.png
73;Skull;3 — 6;10+;30;https://www.myludo.fr/img/jeux/1733836880/300/co/66208.png
74;CardLine - Animaux;2 — 8;7+;15;https://www.myludo.fr/img/jeux/1756064115/300/cm/64503.png
75;Wingspan;1 — 5;10+;60;https://www.myludo.fr/img/jeux/1755502555/300/cw/74434.png
76;That'S Not A Hat;3 — 8;8+;15;https://www.myludo.fr/img/jeux/1741895767/300/ck/62447.png
77;Mindbug;Duo;8+;20;https://www.myludo.fr/img/jeux/1756655466/300/ck/62707.png
78;Nekojima;1 — 8;7+;15 — 30;https://www.myludo.fr/img/jeux/1755252458/300/cm/64160.png
79;Sky Team;Duo;12+;20;https://www.myludo.fr/img/jeux/1742642962/300/cm/64645.png
80;Faraway;2 — 6;10+;20;https://www.myludo.fr/img/jeux/1762765680/300/cp/67209.png
81;Papayoo;3 — 8;7+;30 — 60;https://www.myludo.fr/img/jeux/1726139714/300/bj/35247.png
82;Medieval Academy;1 — 5;8+;30 — 45;https://www.myludo.fr/img/jeux/1712754003/300/cs/70147.png
83;Rauha;2 — 5;10+;45;https://www.myludo.fr/img/jeux/1755429092/300/cj/61381.png
84;Radlands;Duo;14+;20 — 40;https://www.myludo.fr/img/jeux/1748671476/300/ce/56586.png
85;Défifoo;3 — 18;7+;20;https://www.myludo.fr/img/jeux/1737887350/300/cs/70458.png
86;Can'T Stop;2 — 4;7+;30;https://www.myludo.fr/img/jeux/1755775089/300/bu/46140.png
87;101;1 — 3;7+;30;https://www.myludo.fr/img/jeux/1726756214/300/cs/70732.png
88;La Marche Du Crabe;Duo;8+;15 — 30;https://www.myludo.fr/img/jeux/1725569909/300/bl/37796.png
89;RIP - Nature Morte;2 — 5;10+;15;https://www.myludo.fr/img/jeux/1751993318/300/cr/69137.png
90;Traîtres À Bord !;3 — 8;10+;20;https://www.myludo.fr/img/jeux/1757080426/300/cp/67722.png
91;The Mind - Le Devin;2 — 5;8+;20;https://www.myludo.fr/img/jeux/1724395348/300/cl/63959.png
92;5-Minutes Mystère - Le Musée Tutti Quanti;2 — 6;8+;30;https://www.myludo.fr/img/jeux/1761683063/300/ct/71929.png
93;Qawale;Duo;8+;15;https://www.myludo.fr/img/jeux/1733411514/300/ci/60339.png
94;Combo Fighter;2 — 4;12+;5 — 15;https://www.myludo.fr/img/jeux/1530186117/300/az/25355.png
95;Casting Shadows;2 — 4;12+;30 — 60;https://www.myludo.fr/img/jeux/1755420117/300/cs/70769.png
96;L'Etrange Noël De Monsieur Jack;2 — 6;10+;30 — 60;https://www.myludo.fr/img/jeux/1696519271/300/cs/70182.png
97;SpellBook;1 — 4;12+;45;https://www.myludo.fr/img/jeux/1756070054/300/cp/67822.png
98;Perspectives;2 — 6;12+;60 — 120;https://www.myludo.fr/img/jeux/1719122091/300/cr/69922.png
99;Alice Is Missing;3 — 5;16+;120+;https://www.myludo.fr/img/jeux/1738278639/300/cf/57209.png
100;Les Tours Ambulantes;1 — 6;8+;30;https://www.myludo.fr/img/jeux/1683375346/300/ci/60693.png
101;Color Flush;3 — 6;7+;20;https://www.myludo.fr/img/jeux/1684069918/300/cl/63986.png
102;Mech A Dream;2 — 4;10+;45;https://www.myludo.fr/img/jeux/1725710489/300/ci/60246.png
103;Uno;2 — 10;7+;30;https://www.myludo.fr/img/jeux/1741827319/300/cr/69586.png
104;Champions!;3 — 8;10+;30;https://www.myludo.fr/img/jeux/1740231249/300/cp/67482.png
105;Marvel Zombies - La Résistance Des Héros;1 — 4;14+;60;https://www.myludo.fr/img/jeux/1760210192/300/cr/69186.png
106;Knarr;2 — 4;10+;30;https://www.myludo.fr/img/jeux/1755419862/300/co/66225.png
107;Kéblo;2 — 8;7+;20;https://www.myludo.fr/img/jeux/1698170011/300/by/50560.png
108;Elawa;2 — 4;8+;20;https://www.myludo.fr/img/jeux/1741789752/300/cm/64343.png
109;Scooby-Doo !;1 — 5;10+;30 — 60;https://www.myludo.fr/img/jeux/1722250144/300/cj/61399.png
110;Splito;3 — 8;8+;15;https://www.myludo.fr/img/jeux/1758130690/300/cd/55570.png
111;TTMC 2;2 — 10;14+;30 — 60;https://www.myludo.fr/img/jeux/1759139128/300/cg/58301.png
112;Mamie Moule Maki;2 — 6;10+;30;https://www.myludo.fr/img/jeux/1761386447/300/ck/62351.png
113;After Us;1 — 6;14+;45;https://www.myludo.fr/img/jeux/1730277907/300/ch/59790.png
114;Akropolis;1 — 4;8+;25;https://www.myludo.fr/img/jeux/1753048416/300/cd/55664.png
115;Catan;3 — 6;10+;75 — 90;https://www.myludo.fr/img/jeux/1733907275/300/bb/27875.png
116;Cóatl;1 — 4;10+;30 — 60;https://www.myludo.fr/img/jeux/1739960151/300/bl/37641.png
117;River Dragons;2 — 6;8+;30;https://www.myludo.fr/img/jeux/1743534720/300/bs/44157.png
118;Dans Ma Vallée;2 — 5;8+;30 — 60;https://www.myludo.fr/img/jeux/1668674521/300/bc/28569.png
119;Turing Machine;1 — 4;14+;20 — 30;https://www.myludo.fr/img/jeux/1758531719/300/cg/58039.png
120;Cosmic Factory;2 — 6;10+;30 — 60;https://www.myludo.fr/img/jeux/1748671553/300/az/25701.png
121;Viticulture - Toscane;1 — 6;14+;60;https://www.myludo.fr/img/jeux/1706345940/300/at/19643.png
122;Les Sombres Royaumes De Valeria;1 — 5;13+;30 — 45;https://www.myludo.fr/img/jeux/1730019447/300/bz/51704.png
123;Escape The Dark Castle;1 — 4;14+;20 — 45;https://www.myludo.fr/img/jeux/1748796244/300/bt/45125.png
124;Hidden Leaders;2 — 6;10+;30;https://www.myludo.fr/img/jeux/1756706621/300/by/50714.png
125;Happy Little Dinosaurs;2 — 4;8+;30 — 60;https://www.myludo.fr/img/jeux/1725469204/300/cj/61099.png
126;Prophétie;2 — 6;10+;40;https://www.myludo.fr/img/jeux/1704233706/300/cj/61590.png
127;Vabanque;3 — 6;14+;45;https://www.myludo.fr/img/jeux/1679652186/300/bp/41985.png
128;Luna Capital;1 — 4;8+;45;https://www.myludo.fr/img/jeux/1753360336/300/ca/52538.png
129;300 - La Terre Et L'Eau;Duo;14+;40;https://www.myludo.fr/img/jeux/1740616655/300/bp/41853.png
130;Star Wars : Armada;2 — 6;12+;90 — 180;https://www.myludo.fr/img/jeux/1652854052/300/au/20225.png
131;Diplomacy;2 — 7;12+;240;https://www.myludo.fr/img/jeux/1705777260/300/aj/9713.png
132;Batailles De Westeros;Duo;14+;60;https://www.myludo.fr/img/jeux/1751347357/300/af/5453.png
133;Agricola - La Big Box;Duo;10+;30;https://www.myludo.fr/img/jeux/1704534806/300/bk/36712.png
134;Maracaibo;1 — 4;14+;60 — 120;https://www.myludo.fr/img/jeux/1715604356/300/bk/36968.png
135;Claustrophobia;Duo;14+;60;https://www.myludo.fr/img/jeux/1741155416/300/ah/7289.png
136;Patchistory;2 — 4;12+;60 — 120;https://www.myludo.fr/img/jeux/1758718296/300/ab/1404.png
137;Trio;3 — 6;7+;15;https://www.myludo.fr/img/jeux/1747309119/300/cj/61611.png
138;Mombasa;2 — 4;12+;75 — 150;https://www.myludo.fr/img/jeux/1677798090/300/aa/859.png
139;Zombicide : Invader;1 — 6;14+;60 — 180;https://www.myludo.fr/img/jeux/1678738564/300/bi/34384.png
140;Elysium;2 — 4;14+;60;https://www.myludo.fr/img/jeux/1698372327/300/ab/1291.png
141;Twilight Struggle;Duo;13+;120 — 180;https://www.myludo.fr/img/jeux/1638688446/300/am/12906.png
142;Forbidden Stars;2 — 4;14+;180;https://www.myludo.fr/img/jeux/1714201924/300/aa/678.png
143;Team3;3 — 6;14+;30;https://www.myludo.fr/img/jeux/1729090074/300/bj/35663.png
144;Galèrapagos - Tribu Et Personnages;3 — 12;10+;20 — 40;https://www.myludo.fr/img/jeux/1659693592/300/bf/31473.png
145;Last Message;3 — 8;8+;15;https://www.myludo.fr/img/jeux/1722803821/300/bv/47676.png
146;Kites;2 — 6;10+;10;https://www.myludo.fr/img/jeux/1741895828/300/cl/63851.png
147;Maudit Mot Dit;3 — 6;12+;30;https://www.myludo.fr/img/jeux/1737887386/300/ce/56028.png
148;Expedition Arès;1 — 4;14+;45 — 60;https://www.myludo.fr/img/jeux/1758988366/300/ca/52175.png
149;District Noir;Duo;10+;15;https://www.myludo.fr/img/jeux/1734193345/300/ch/59045.png
150;Ark Nova;1 — 4;14+;90 — 150;https://www.myludo.fr/img/jeux/1747309512/300/ca/52777.png
151;Heat;1 — 6;10+;30 — 60;https://www.myludo.fr/img/jeux/1756931653/300/cg/58003.png
152;Challengers!;1 — 8;8+;45;https://www.myludo.fr/img/jeux/1710425084/300/ch/59564.png
153;Sea Salt & Paper;2 — 4;8+;30;https://www.myludo.fr/img/jeux/1739973378/300/ch/59020.png
154;Root - The Marauder Expansion;1 — 6;10+;60 — 90;https://www.myludo.fr/img/jeux/1677620879/300/bu/46813.png
155;Trapwords;4 — 8;8+;30 — 60;https://www.myludo.fr/img/jeux/1739279092/300/bd/29355.png
156;Crazy Theory;3 — 6;14+;30 — 60;https://www.myludo.fr/img/jeux/1622045641/300/bg/32394.png
157;Riftforce;Duo;10+;20 — 30;https://www.myludo.fr/img/jeux/1650273818/300/bp/41947.png
158;Welcome To Rapid City;3 — 6;8+;30;https://www.myludo.fr/img/jeux/1611955065/300/bj/35618.png
159;Dany Se Fait Des Films;3 — 8;16+;30;https://www.myludo.fr/img/jeux/1587736101/300/bm/38885.png
160;Exodus;2 — 4;14+;120;https://www.myludo.fr/img/jeux/1696845366/300/aa/44.png
161;Crazy Time;3 — 14;8+;30;https://www.myludo.fr/img/jeux/1735069178/300/bh/33085.png
162;Cortex Challenge GEO;2 — 6;9+;15;https://www.myludo.fr/img/jeux/1756064622/300/aa/570.png
163;Skull King;2 — 8;8+;30;https://www.myludo.fr/img/jeux/1756842413/300/cg/58121.png
164;Skull King;2 — 8;8+;30;https://www.myludo.fr/img/jeux/1650438699/300/ce/56151.png
165;Retro Loonacy;2 — 5;8+;10;https://www.myludo.fr/img/jeux/1641523037/300/at/19391.png
166;Ramen Fury;2 — 5;8+;30;https://www.myludo.fr/img/jeux/1602148190/300/bq/42555.png
167;Taco Chapeau Gâteau Cadeau Pizza;2 — 8;8+;10;https://www.myludo.fr/img/jeux/1724016494/300/bw/48886.png
168;Graal;3 — 5;8+;30;https://www.myludo.fr/img/jeux/1622964855/300/bx/49496.png
169;Unlock! Mystery Adventures;1 — 6;10+;60;https://www.myludo.fr/img/jeux/1721375193/300/aa/3.png
170;Cascadia;1 — 4;10+;30 — 45;https://www.myludo.fr/img/jeux/1728118289/300/bz/51951.png
171;Ecosphère;2 — 5;10+;30;https://www.myludo.fr/img/jeux/1715084193/300/cd/55585.png
172;Exploding Kittens;2 — 5;18+;15;https://www.myludo.fr/img/jeux/1743065512/300/ay/24701.png
173;P Comme Pizza;2 — 4;8+;20;https://www.myludo.fr/img/jeux/1638354320/300/ca/52119.png
174;Splendor Duel;Duo;10+;30;https://www.myludo.fr/img/jeux/1744964223/300/cf/57838.png
175;Gardeners;1 — 4;10+;30;https://www.myludo.fr/img/jeux/1753181754/300/ch/59540.png
176;Ephios;1 — 4;12+;30;https://www.myludo.fr/img/jeux/1743534183/300/bp/41746.png
177;Race For The Galaxy;2 — 4;12+;30 — 60;https://www.myludo.fr/img/jeux/1737412097/300/bm/38287.png
178;Le Jeu Des Cat-Tapultes;Duo;7+;30;https://www.myludo.fr/img/jeux/1741084290/300/ca/52091.png
179;Complices;Duo;10+;20;https://www.myludo.fr/img/jeux/1740754821/300/cd/55654.png
180;The Loop;1 — 4;12+;60;https://www.myludo.fr/img/jeux/1757598648/300/bn/39582.png
181;13 Mots;2 — 8;8+;20;https://www.myludo.fr/img/jeux/1742060220/300/cf/57564.png
182;Crack List;2 — 8;10+;30;https://www.myludo.fr/img/jeux/1762339741/300/cc/54187.png
183;Speedbac - Version Épicée;2 — 7;16+;20;https://www.myludo.fr/img/jeux/1739956946/300/ci/60504.png
184;Speedbac - Drôle & Rapide;2 — 7;10+;15;https://www.myludo.fr/img/jeux/1740754174/300/ci/60505.png
185;Paquet De Chips;2 — 5;8+;15;https://www.myludo.fr/img/jeux/1747309472/300/ce/56730.png
186;Le Jeu Du Doigt!;2 — 5;8+;10;https://www.myludo.fr/img/jeux/1676284429/300/cc/54804.png
187;Living Forest;2 — 4;10+;40;https://www.myludo.fr/img/jeux/1730366725/300/by/50768.png
188;Las Vegan;2 — 5;10+;20 — 30;https://www.myludo.fr/img/jeux/1757598686/300/ca/52334.png
189;Dune Imperium;1 — 4;14+;60 — 120;https://www.myludo.fr/img/jeux/1752209066/300/br/43977.png
190;Rajas Of The Ganges - The Dice Charmers;2 — 5;12+;30 — 45;https://www.myludo.fr/img/jeux/1725692620/300/bq/42756.png
191;Paleo;1 — 4;10+;30 — 60;https://www.myludo.fr/img/jeux/1763236251/300/bp/41999.png
192;Les Tavernes De La Vallée Profonde - Chambres À Louer;2 — 4;12+;60;https://www.myludo.fr/img/jeux/1757018988/300/by/50306.png
193;Exploding Kittens;2 — 10;7+;30;https://www.myludo.fr/img/jeux/1688193308/300/bv/47429.png
194;La Vallée Des Marchands - La Guilde Des Commerçants Extraordinaires;2 — 4;12+;30;https://www.myludo.fr/img/jeux/1725632804/300/az/25389.png
195;Botanik;Duo;10+;30;https://www.myludo.fr/img/jeux/1757835735/300/bv/47126.png
196;Pigeon Pigeon 2;4 — 10;12+;25;https://www.myludo.fr/img/jeux/1735828823/300/bx/49329.png
197;Tichu;3 — 6;10+;60;https://www.myludo.fr/img/jeux/1745644238/300/bx/49474.png
198;Root - Monde Souterrain;1 — 6;10+;60 — 90;https://www.myludo.fr/img/jeux/1748666168/300/bu/46481.png
199;The Hunger;2 — 6;12+;60;https://www.myludo.fr/img/jeux/1755348214/300/by/50199.png
200;Clash Of Decks - Starter Kit;1 — 2;8+;15;https://www.myludo.fr/img/jeux/1741155379/300/bu/46964.png
201;Sandwich MasterClass;3 — 8;7+;20;https://www.myludo.fr/img/jeux/1711731391/300/by/50839.png
202;Imperium - Légendes;1 — 4;14+;40 — 160;https://www.myludo.fr/img/jeux/1716280685/300/cb/53076.png
203;Iki;2 — 4;14+;60 — 90;https://www.myludo.fr/img/jeux/1755419803/300/bs/44608.png
204;Set A Watch;1 — 4;10+;60 — 75;https://www.myludo.fr/img/jeux/1726993648/300/bb/27733.png
205;Everdell;1 — 4;10+;40 — 80;https://www.myludo.fr/img/jeux/1762458061/300/bv/47771.png
206;Fort;2 — 4;10+;30;https://www.myludo.fr/img/jeux/1694419511/300/bx/49526.png
207;Petits Peuples;2 — 4;10+;30 — 60;https://www.myludo.fr/img/jeux/1741867993/300/by/50996.png
208;Oltréé;2 — 4;10+;60;https://www.myludo.fr/img/jeux/1693152390/300/bo/40756.png
209;Tsukuyumi - Après La Chute;2 — 6;14+;2 — 180;https://www.myludo.fr/img/jeux/1725867717/300/bu/46787.png
210;Tsukuyumi;2 — 4;14+;90 — 150;https://www.myludo.fr/img/jeux/1725867606/300/bj/35072.png
211;Deadlies;3 — 5;8+;30;https://www.myludo.fr/img/jeux/1725975663/300/bz/51522.png
212;Burgle Bros;1 — 4;10+;45 — 70;https://www.myludo.fr/img/jeux/1741852172/300/ba/26584.png
213;Demeter;1+;14+;15;https://www.myludo.fr/img/jeux/1726139900/300/bl/37210.png
214;Dimoi - Édition Couples;Duo;16+;30 — 90;https://www.myludo.fr/img/jeux/1748901187/300/bx/49242.png
215;Valeria Le Royaume;1 — 5;13+;30 — 45;https://www.myludo.fr/img/jeux/1707045590/300/bt/45956.png
216;Simple & Funky;2 — 4;8+;20;https://www.myludo.fr/img/jeux/1643709164/300/cb/53282.png
217;Qu'Est-Ce Tu Veux Qu'J'Te Dise ?;2 — 12;14+;30;https://www.myludo.fr/img/jeux/1634298924/300/bz/51729.png
218;Fragments;2 — 6;10+;45;https://www.myludo.fr/img/jeux/1663251381/300/ca/52566.png
219;Ricochet;1+;14+;30;https://www.myludo.fr/img/jeux/1709935631/300/bn/39759.png
220;Conquêtes;1 — 4;7+;20 — 40;https://www.myludo.fr/img/jeux/1664918426/300/cb/53008.png
221;Le Roi Est Mort;2 — 4;14+;30 — 60;https://www.myludo.fr/img/jeux/1754252611/300/by/50956.png
222;Le Roi Des 12;2 — 4;10+;15;https://www.myludo.fr/img/jeux/1713375845/300/bw/48572.png
223;Roméo & Juliette;Duo;14+;30;https://www.myludo.fr/img/jeux/1689669898/300/bl/37371.png
224;Nouvelles ContRées;2 — 6;10+;30 — 60;https://www.myludo.fr/img/jeux/1756389822/300/bz/51930.png
225;7 Wonders Architects;2 — 7;8+;25;https://www.myludo.fr/img/jeux/1753051716/300/bz/51868.png
226;Cerebria;1 — 4;14+;60 — 120;https://www.myludo.fr/img/jeux/1725618735/300/bq/42899.png
227;Khôra;2 — 4;14+;75;https://www.myludo.fr/img/jeux/1754465969/300/bl/37696.png
228;Tranquillité;1 — 5;8+;30;https://www.myludo.fr/img/jeux/1741790004/300/by/50995.png
229;Périple;2 — 4;8+;30 — 45;https://www.myludo.fr/img/jeux/1667158547/300/bu/46456.png
230;Near And Far;2 — 4;13+;90;https://www.myludo.fr/img/jeux/1740427062/300/bq/42512.png
231;Longueur D'Onde;2 — 10;14+;30 — 60;https://www.myludo.fr/img/jeux/1639070935/300/bu/46020.png
232;Wormlord;2 — 8;6+;5 — 10;https://www.myludo.fr/img/jeux/1720604496/300/bi/34419.png
233;What'S Missing ?;3 — 6;7+;20;https://www.myludo.fr/img/jeux/1729454309/300/bl/37428.png
234;Vicomtes Du Royaume De L'Ouest;1 — 4;12+;90 — 120;https://www.myludo.fr/img/jeux/1735059178/300/bl/37699.png
235;Twin It! - Jeux De Société;2 — 6;6+;30;https://www.myludo.fr/img/jeux/1728029741/300/bd/29306.png
236;Twin It! Japan;2 — 6;6+;15;https://www.myludo.fr/img/jeux/1640789650/300/bv/47522.png
237;Margraves De Valeria;2 — 5;13+;60 — 120;https://www.myludo.fr/img/jeux/1725785677/300/bo/40518.png
238;The Crew - Mission Sous-Marine;3 — 5;10+;20;https://www.myludo.fr/img/jeux/1733805534/300/bv/47581.png
239;OléMains !;4 — 16;14+;20;https://www.myludo.fr/img/jeux/1735208760/300/by/50523.png
240;So Clover!;3 — 6;10+;30;https://www.myludo.fr/img/jeux/1742157756/300/bv/47856.png
241;L'Île Des Chats - Derniers Arrivants;1 — 6;8+;60 — 90;https://www.myludo.fr/img/jeux/1724571328/300/bn/39208.png
242;Cartaventura - Vinland;1 — 6;10+;60;https://www.myludo.fr/img/jeux/1753047505/300/bu/46261.png
243;Crime Zoom - Un Écrivain Mortel;1 — 6;14+;60;https://www.myludo.fr/img/jeux/1653031660/300/br/43840.png
244;Pictures;3 — 5;8+;30;https://www.myludo.fr/img/jeux/1702653899/300/br/43626.png
245;5-Minute Dungeon;2 — 5;8+;30;https://www.myludo.fr/img/jeux/1761683589/300/bk/36929.png
246;1943;4 — 8;16+;20 — 30;https://www.myludo.fr/img/jeux/1623500998/300/bt/45891.png
247;Dune;2 — 6;14+;120 — 180;https://www.myludo.fr/img/jeux/1605873805/300/bi/34123.png
248;Paranormal Detectives;2 — 6;12+;30;https://www.myludo.fr/img/jeux/1735197156/300/bh/33097.png
249;Trek 12;1+;8+;30;https://www.myludo.fr/img/jeux/1759626841/300/bp/41776.png
250;Shamans;3 — 5;10+;30 — 60;https://www.myludo.fr/img/jeux/1705480140/300/bq/42051.png
251;Mot Malin;2 — 6;7+;10;https://www.myludo.fr/img/jeux/1753036381/300/bu/46289.png
252;Sobek 2 Joueurs;Duo;10+;20;https://www.myludo.fr/img/jeux/1690635758/300/bu/46597.png
253;The Sound Maker;3 — 6;7+;15;https://www.myludo.fr/img/jeux/1633040758/300/bz/51486.png
254;Lueur;2 — 4;10+;45;https://www.myludo.fr/img/jeux/1741789654/300/bs/44381.png
255;Riftforce;Duo;10+;30;https://www.myludo.fr/img/jeux/1734368490/300/bw/48746.png
256;Claim 2;Duo;10+;30;https://www.myludo.fr/img/jeux/1744856671/300/by/50594.png
257;Match 5;2 — 8;10+;30;https://www.myludo.fr/img/jeux/1739963188/300/bu/46577.png
258;Les Petites Bourgades;1 — 6;10+;45;https://www.myludo.fr/img/jeux/1756069502/300/bj/35706.png
259;Kameloot;3 — 6;8+;20;https://www.myludo.fr/img/jeux/1674576284/300/by/50305.png
260;Pour Le Roi (Et Moi);2 — 5;10+;30;https://www.myludo.fr/img/jeux/1725537849/300/bx/49694.png
261;Les Ruines Perdues De Narak;1 — 4;12+;60 — 120;https://www.myludo.fr/img/jeux/1733807209/300/bo/40788.png
262;Nine Tiles Panic;2 — 5;7+;20;https://www.myludo.fr/img/jeux/1614599638/300/bl/37431.png
263;Loading;2 — 7;7+;5;https://www.myludo.fr/img/jeux/1725461703/300/bx/49042.png
264;Block Ness;2 — 4;8+;15 — 20;https://www.myludo.fr/img/jeux/1724659801/300/bw/48891.png
265;Fais Ta Valise;2 — 4;6 — 10;15;https://www.myludo.fr/img/jeux/1725477387/300/ba/26251.png
266;Tyle;2 — 4;8+;10 — 20;https://www.myludo.fr/img/jeux/1601967586/300/bp/41491.png
267;Happy City;2 — 5;10+;30;https://www.myludo.fr/img/jeux/1741724525/300/bp/41745.png
268;Roundforest;2 — 4;8+;30 — 60;https://www.myludo.fr/img/jeux/1601967537/300/bq/42454.png
269;Blocs Booster;2 — 4;8+;15;https://www.myludo.fr/img/jeux/1751355141/300/bp/41576.png
270;Small World Of Warcraft;2 — 5;10+;40 — 80;https://www.myludo.fr/img/jeux/1742157720/300/bn/39297.png
271;Tatamokatsu;2 — 5;8+;15;https://www.myludo.fr/img/jeux/1622544816/300/bn/39948.png
272;Kompromat;Duo;8+;30;https://www.myludo.fr/img/jeux/1755419974/300/bq/42587.png
273;Le Croque Monstre;2 — 4;14+;30 — 60;https://www.myludo.fr/img/jeux/1716396031/300/bq/42814.png
274;Master Word;3 — 6;12+;5 — 15;https://www.myludo.fr/img/jeux/1722884623/300/bm/38506.png
275;Avalon;5 — 10;12+;30 — 60;https://www.myludo.fr/img/jeux/1762873938/300/bw/48077.png
276;DeadLines;2 — 10;10+;30;https://www.myludo.fr/img/jeux/1756064794/300/bp/41787.png
277;Olé! Guacamolé;2 — 8;10+;30;https://www.myludo.fr/img/jeux/1737222009/300/bu/46579.png
278;Tapestry;1 — 5;12+;90 — 120;https://www.myludo.fr/img/jeux/1726140148/300/bh/33711.png
279;MicroMacro Crime City;1 — 4;10+;15 — 45;https://www.myludo.fr/img/jeux/1735239726/300/bq/42016.png
280;La Baie Des Marchands;1 — 4;14+;60 — 90;https://www.myludo.fr/img/jeux/1733394651/300/bw/48665.png
281;Cartographers;1+;10+;30 — 45;https://www.myludo.fr/img/jeux/1718902995/300/bk/36898.png
282;Pax Pamir;1 — 5;13+;45 — 120;https://www.myludo.fr/img/jeux/1725535590/300/bm/38237.png
283;Concordia - Venus;2 — 6;12+;60 — 120;https://www.myludo.fr/img/jeux/1741156191/300/bl/37432.png
284;Sanctum;2 — 4;12+;60 — 100;https://www.myludo.fr/img/jeux/1728206451/300/bl/37567.png
285;Coimbra;2 — 4;14+;60 — 90;https://www.myludo.fr/img/jeux/1748617646/300/ax/23635.png
286;BraveRats;Duo;7+;5;https://www.myludo.fr/img/jeux/1697264822/300/bl/37348.png
287;Similo - Mythes;2 — 8;7+;10;https://www.myludo.fr/img/jeux/1738408029/300/bk/36955.png
288;The Crew;3 — 5;10+;20;https://www.myludo.fr/img/jeux/1733805451/300/bl/37695.png
289;Imagicien;2 — 4;8+;20;https://www.myludo.fr/img/jeux/1654163072/300/bl/37355.png
290;No Problemot;2 — 5;10+;30;https://www.myludo.fr/img/jeux/1595061953/300/bo/40765.png
291;Non Merci !;3 — 7;8+;20;https://www.myludo.fr/img/jeux/1741868205/300/bp/41158.png
292;Iwari;2 — 5;14+;45;https://www.myludo.fr/img/jeux/1748594422/300/bd/29058.png
293;Jump Drive;2 — 4;13+;10 — 30;https://www.myludo.fr/img/jeux/1723352064/300/bo/40305.png
294;The One Hundred Torii;1 — 4;8+;45 — 60;https://www.myludo.fr/img/jeux/1733802698/300/bg/32321.png
295;Parks;1 — 5;10+;30 — 60;https://www.myludo.fr/img/jeux/1752465025/300/bl/37043.png
296;Freedom : Le Chemin De Fer Clandestin;1 — 4;14+;60;https://www.myludo.fr/img/jeux/1642932526/300/aa/851.png
297;Brass Birmingham;2 — 4;14+;60 — 120;https://www.myludo.fr/img/jeux/1725618676/300/bj/35809.png
298;Dracula Fiesta Sangria;4 — 8;10+;30;https://www.myludo.fr/img/jeux/1716458010/300/bl/37260.png
299;Candy Lab;2 — 4;8+;15;https://www.myludo.fr/img/jeux/1725469722/300/bl/37540.png
300;The Mind Extrême;2 — 4;8+;15 — 20;https://www.myludo.fr/img/jeux/1664187327/300/bo/40970.png
301;Fairy Trails;1 — 2;8+;15;https://www.myludo.fr/img/jeux/1605976587/300/bn/39320.png
302;Hagakure;3 — 5;10+;25;https://www.myludo.fr/img/jeux/1725487086/300/bl/37211.png
303;Undo - Tissez Un Nouveau Destin;2 — 6;10+;60 — 120;https://www.myludo.fr/img/jeux/1743765957/300/bh/33891.png
304;Rising Sun - Invasion Dynastique;3 — 6;13;90 — 120;https://www.myludo.fr/img/jeux/1758945478/300/ax/23511.png
305;Top Ten;4 — 9;14+;30;https://www.myludo.fr/img/jeux/1721375862/300/bl/37542.png
306;Silver & Gold;2 — 4;8+;20;https://www.myludo.fr/img/jeux/1642144267/300/bp/41124.png
307;Templari;3 — 5;10+;30;https://www.myludo.fr/img/jeux/1741073925/300/at/19107.png
308;Onitama - Sensei'S Path / Way Of The Wind;Duo;8+;30;https://www.myludo.fr/img/jeux/1758443734/300/bd/29464.png
309;Soviet Kitchen;1 — 6;14+;25;https://www.myludo.fr/img/jeux/1718726784/300/bj/35750.png
310;13 Indices;2 — 6;8+;30;https://www.myludo.fr/img/jeux/1709638989/300/at/19721.png
311;RvsR:R;Duo;14+;20;https://www.myludo.fr/img/jeux/1757841492/300/bl/37024.png
312;Stay Cool;3 — 7;12+;10 — 30;https://www.myludo.fr/img/jeux/1704322631/300/bd/29462.png
313;L'Île Des Chats;1 — 4;8+;60 — 90;https://www.myludo.fr/img/jeux/1741865016/300/bm/38772.png
314;Dungeons & Dragons 4 - Manuel Des Joueurs;2+;12+;120+;https://www.myludo.fr/img/jeux/1619453608/300/ag/6033.png
315;Cops;2+;14+;180+;https://www.myludo.fr/img/jeux/1651750378/300/bc/28138.png
316;Le Trône De Fer JDR - Le Guide Du Monde;2+;14+;60 — 180;https://www.myludo.fr/img/jeux/1702304747/300/ay/24156.png
317;Shaan;2+;14+;180+;https://www.myludo.fr/img/jeux/1706737273/300/av/21784.png
318;Wasteland: Les Terres Gachées;3 — 6;14+;120+;https://www.myludo.fr/img/jeux/1552647159/300/af/5340.png
319;Vampire - The Masquerade;2 — 6;14+;180+;https://www.myludo.fr/img/jeux/1709544953/300/ba/26656.png
320;Deckscape - Le Mystère De L'Eldorado;1 — 6;12+;30 — 90;https://www.myludo.fr/img/jeux/1726139144/300/ba/26450.png
321;Taco Chat Bouc Cheese Pizza;2 — 8;8+;10;https://www.myludo.fr/img/jeux/1756070880/300/bl/37354.png
322;Charafe;3 — 10;8+;30;https://www.myludo.fr/img/jeux/1710545008/300/bg/32241.png
323;Blank;2 — 6;6+;10 — 15;https://www.myludo.fr/img/jeux/1604539318/300/be/30594.png
324;6 Qui Surprend!;2 — 10;10+;45;https://www.myludo.fr/img/jeux/1709659478/300/bg/32238.png
325;13 Couronnes;2 — 5;7+;20 — 30;https://www.myludo.fr/img/jeux/1760642680/300/bi/34650.png
326;Feelinks - Revelations;2 — 8;16+;30;https://www.myludo.fr/img/jeux/1673084145/300/bi/34703.png
327;Gold River;2 — 5;8+;30 — 60;https://www.myludo.fr/img/jeux/1737307001/300/bk/36823.png
328;Boomerang - Australia;2 — 4;8+;30;https://www.myludo.fr/img/jeux/1689350626/300/bk/36804.png
329;Zero;2 — 5;8+;30 — 60;https://www.myludo.fr/img/jeux/1727943755/300/bn/39233.png
330;Mots A Gogo;4 — 6;8+;30;https://www.myludo.fr/img/jeux/1613007137/300/bk/36384.png
331;Carnival Of Monsters;2 — 5;10+;60;https://www.myludo.fr/img/jeux/1718200079/300/bh/33488.png
332;Dice Hospital;1 — 4;10+;45 — 90;https://www.myludo.fr/img/jeux/1733802000/300/bh/33864.png
333;Cowboy Bebop : Space Serenade;1 — 4;14+;60 — 120;https://www.myludo.fr/img/jeux/1682848280/300/bi/34976.png
334;Bandida;1 — 4;6+;30;https://www.myludo.fr/img/jeux/1753430192/300/bn/39946.png
335;Bad Bitches Only;3 — 10;12+;30;https://www.myludo.fr/img/jeux/1742371457/300/bl/37677.png
336;The Mind Extreme;2 — 4;8+;15 — 20;https://www.myludo.fr/img/jeux/1650791261/300/bj/35640.png
337;The Game En Vert Et Contre Tous;2 — 5;8+;10;https://www.myludo.fr/img/jeux/1710359740/300/bn/39625.png
338;Conspiracy;2 — 4;8+;30;https://www.myludo.fr/img/jeux/1757042454/300/bf/31421.png
339;Farben;3 — 5;10+;30 — 60;https://www.myludo.fr/img/jeux/1707678040/300/bc/28936.png
340;50 Missions;1 — 4;8+;20;https://www.myludo.fr/img/jeux/1716615934/300/bl/37894.png
341;Omerta;3 — 5;10+;20;https://www.myludo.fr/img/jeux/1665222263/300/bi/34926.png
342;Loser;3 — 6;8+;15 — 20;https://www.myludo.fr/img/jeux/1726252074/300/bl/37369.png
343;Compagnons;1 — 5;12+;45;https://www.myludo.fr/img/jeux/1757780978/300/bg/32487.png
344;Harry Potter - Bataille À Poudlard;2 — 4;11+;60;https://www.myludo.fr/img/jeux/1735380080/300/bh/33240.png
345;What'S Up;2 — 4;8+;10 — 20;https://www.myludo.fr/img/jeux/1574270338/300/av/21911.png
346;Nine;2 — 4;14+;20 — 30;https://www.myludo.fr/img/jeux/1725632816/300/bg/32481.png
347;Sid Meier'S Civilization;2 — 4;12+;120;https://www.myludo.fr/img/jeux/1719521485/300/az/25194.png
348;Joraku;3 — 4;14+;40 — 60;https://www.myludo.fr/img/jeux/1742498926/300/bl/37272.png
349;Men At Work;2 — 5;8+;30 — 45;https://www.myludo.fr/img/jeux/1626460751/300/be/30616.png
350;Jeanne D'Arc, La Bataille D'Orléans;2 — 4;8+;45;https://www.myludo.fr/img/jeux/1608131011/300/at/19714.png
351;Imperial Settlers - Roll & Write;1 — 4;10+;30;https://www.myludo.fr/img/jeux/1755805880/300/bk/36925.png
352;Dust In The Wings;2 — 4;10+;30;https://www.myludo.fr/img/jeux/1605866581/300/bl/37377.png
353;Phone Bomb;3 — 6;10+;15;https://www.myludo.fr/img/jeux/1702597134/300/bk/36025.png
354;Fiesta De Los Muertos;4 — 8;12+;15;https://www.myludo.fr/img/jeux/1762111638/300/bh/33071.png
355;Team3;3 — 6;14+;30;https://www.myludo.fr/img/jeux/1702040369/300/bj/35664.png
356;Time Bomb - Evolution;4 — 6;8+;30;https://www.myludo.fr/img/jeux/1735984467/300/bk/36667.png
357;Ohanami;2 — 4;8+;20;https://www.myludo.fr/img/jeux/1756924842/300/bd/29839.png
358;Bosk;2 — 4;13+;20 — 40;https://www.myludo.fr/img/jeux/1654071612/300/bi/34088.png
359;Gravity Superstar;2 — 6;7+;25;https://www.myludo.fr/img/jeux/1760374791/300/az/25621.png
360;Agent Trouble;3 — 8;12+;15;https://www.myludo.fr/img/jeux/1742372303/300/ab/1136.png
361;Dreamscape;1 — 4;8+;60 — 90;https://www.myludo.fr/img/jeux/1727288330/300/au/20813.png
362;Oriflamme;3 — 5;10+;15 — 30;https://www.myludo.fr/img/jeux/1741724216/300/bj/35222.png
363;Saboteur - Les Mineurs Contre-Attaquent !;2 — 12;8+;30;https://www.myludo.fr/img/jeux/1707685015/300/af/5265.png
364;Perudo;2 — 6;8+;30;https://www.myludo.fr/img/jeux/1722875495/300/bf/31316.png
365;Monster Café;2 — 5;8+;15;https://www.myludo.fr/img/jeux/1702999278/300/bk/36965.png
366;Uchronia;2 — 5;14+;45 — 60;https://www.myludo.fr/img/jeux/1653334141/300/ad/3022.png
367;Les Foufounes;2+;16+;15;https://www.myludo.fr/img/jeux/1579086135/300/bj/35808.png
368;Nidavellir;2 — 5;10+;30 — 60;https://www.myludo.fr/img/jeux/1727267321/300/bk/36010.png
369;Gardens Of Babylon;1 — 4;10+;60;https://www.myludo.fr/img/jeux/1757843321/300/bc/28729.png
370;Living Planet;2 — 4;14+;60;https://www.myludo.fr/img/jeux/1744965081/300/at/19488.png
371;L'Expédition Perdue;1 — 5;14+;30 — 60;https://www.myludo.fr/img/jeux/1751888974/300/ba/26982.png
372;Imperial Settlers - Empires Du Nord;1 — 4;10+;45 — 90;https://www.myludo.fr/img/jeux/1698266947/300/bj/35870.png
373;Skulk Hollow;Duo;8+;40 — 60;https://www.myludo.fr/img/jeux/1738788973/300/bb/27186.png
374;New Frontiers;2 — 5;14+;60 — 120;https://www.myludo.fr/img/jeux/1710619397/300/bj/35544.png
375;It'S A Wonderful World;1 — 5;14+;45;https://www.myludo.fr/img/jeux/1726066144/300/bd/29009.png
376;[Kosmopoli:T];4 — 8;10+;6;https://www.myludo.fr/img/jeux/1741941823/300/bj/35202.png
377;Tribun;2 — 5;12+;60;https://www.myludo.fr/img/jeux/1744963718/300/aj/9349.png
378;Barrage;1 — 4;14+;60 — 120;https://www.myludo.fr/img/jeux/1729505776/300/bj/35512.png
379;Punto;2 — 4;7+;15;https://www.myludo.fr/img/jeux/1703098859/300/bg/32832.png
380;Deep Blue;2 — 5;8+;45;https://www.myludo.fr/img/jeux/1721490589/300/bh/33148.png
381;Cryptide;3 — 5;10+;30 — 60;https://www.myludo.fr/img/jeux/1711723665/300/bi/34004.png
382;Hero Realms - Voleur;2 — 4;12+;20 — 30;https://www.myludo.fr/img/jeux/1755428979/300/ay/24117.png
383;Hero Realms - Sorcier;2 — 4;12+;20 — 30;https://www.myludo.fr/img/jeux/1755428994/300/ay/24114.png
384;Hero Realms - Guerrier;2 — 4;12+;20 — 30;https://www.myludo.fr/img/jeux/1755418540/300/ay/24115.png
385;Hero Realms - Clerc;2 — 4;12+;20 — 30;https://www.myludo.fr/img/jeux/1755429031/300/ay/24118.png
386;Hero Realms - Archer;2 — 4;12+;20 — 30;https://www.myludo.fr/img/jeux/1755429078/300/ay/24116.png
387;Era : L'Âge Médiéval;1 — 4;8+;45 — 60;https://www.myludo.fr/img/jeux/1637267046/300/bj/35872.png
388;Les Nominés;3 — 10;14+;25;https://www.myludo.fr/img/jeux/1606279799/300/bj/35807.png
389;Paladins Du Royaume De L'Ouest;1 — 4;12+;90 — 120;https://www.myludo.fr/img/jeux/1725533875/300/bd/29720.png
390;Esquissé?;4 — 8;8+;30 — 60;https://www.myludo.fr/img/jeux/1742371570/300/be/30018.png
391;Shit Happens;2 — 8;18+;20 — 60;https://www.myludo.fr/img/jeux/1710359300/300/ax/23504.png
392;Groin Devant;2 — 5;6+;30;https://www.myludo.fr/img/jeux/1669574385/300/ai/8145.png
393;Obscurio;2 — 8;10+;40;https://www.myludo.fr/img/jeux/1741514357/300/be/30478.png
394;Roll Player;1 — 4;10+;60 — 90;https://www.myludo.fr/img/jeux/1730369970/300/bf/31879.png
395;Spirit Island;1 — 4;13+;90 — 120;https://www.myludo.fr/img/jeux/1758963873/300/bd/29983.png
396;Ceylan;2 — 4;10+;30 — 60;https://www.myludo.fr/img/jeux/1667549035/300/bh/33840.png
397;L'Aube Des Tribus;2 — 4;10+;30 — 60;https://www.myludo.fr/img/jeux/1732356779/300/bg/32505.png
398;Betrayal At House On The Hill;3 — 6;12+;60 — 120;https://www.myludo.fr/img/jeux/1697613220/300/bj/35207.png
399;Love Letter;2 — 6;10+;15;https://www.myludo.fr/img/jeux/1760642298/300/bd/29240.png
400;Hystericoach;4 — 14;8+;30;https://www.myludo.fr/img/jeux/1752171520/300/am/12082.png
401;Kluster;1 — 4;14+;15;https://www.myludo.fr/img/jeux/1763019209/300/bf/31393.png
402;Gizmos;2 — 4;14+;45;https://www.myludo.fr/img/jeux/1714118807/300/ba/26494.png
403;Sushi Roll;2 — 5;8+;20;https://www.myludo.fr/img/jeux/1738584686/300/bi/34089.png
404;Pikzi;2 — 5;5+;15;https://www.myludo.fr/img/jeux/1582579991/300/bf/31252.png
405;Ishtar;2 — 4;12+;45;https://www.myludo.fr/img/jeux/1730368554/300/bg/32585.png
406;Les Tavernes De La Vallée Profonde;2 — 4;12+;60;https://www.myludo.fr/img/jeux/1736761194/300/bh/33281.png
407;Doodle Islands;1 — 5;10+;40;https://www.myludo.fr/img/jeux/1609974249/300/ax/23695.png
408;Kahuna;Duo;10+;30 — 40;https://www.myludo.fr/img/jeux/1619790514/300/az/25995.png
409;Detective;1 — 5;16+;120 — 180;https://www.myludo.fr/img/jeux/1753436193/300/az/25980.png
410;Yutakâ;Duo;7+;30;https://www.myludo.fr/img/jeux/1748612487/300/bb/27751.png
411;Les Gens Qui;2 — 8;16+;30;https://www.myludo.fr/img/jeux/1727862257/300/bd/29226.png
412;La Cour Des Miracles;2 — 5;10+;40;https://www.myludo.fr/img/jeux/1725730164/300/bg/32507.png
413;Majority;5 — 10;8+;15;https://www.myludo.fr/img/jeux/1725474742/300/bh/33089.png
414;Fou Fou Fou !;3 — 8;8+;15;https://www.myludo.fr/img/jeux/1721567658/300/bh/33379.png
415;Fini !;Solo;10+;30;https://www.myludo.fr/img/jeux/1720418524/300/at/19836.png
416;Wingspan;1 — 5;10+;60;https://www.myludo.fr/img/jeux/1753523933/300/bc/28349.png
417;Skyjo;2 — 8;8+;15 — 45;https://www.myludo.fr/img/jeux/1708290257/300/bf/31249.png
418;Rurik;1 — 4;13+;60 — 120;https://www.myludo.fr/img/jeux/1756804523/300/az/25871.png
419;Volfyirion;1 — 2;14+;15 — 30;https://www.myludo.fr/img/jeux/1707047492/300/ba/26284.png
420;Kingdomino Duel;Duo;7+;30;https://www.myludo.fr/img/jeux/1725707268/300/bg/32934.png
421;Mondrian;2 — 4;14+;30;https://www.myludo.fr/img/jeux/1725692431/300/bc/28934.png
422;Yōkai;2 — 4;8+;15 — 30;https://www.myludo.fr/img/jeux/1756244785/300/bg/32448.png
423;Samsara;1 — 5;12+;50;https://www.myludo.fr/img/jeux/1748359488/300/ax/23531.png
424;Mississippi Queen;2 — 6;10+;45;https://www.myludo.fr/img/jeux/1618681061/300/bd/29217.png
425;Res Arcana;2 — 4;12+;20 — 60;https://www.myludo.fr/img/jeux/1741865074/300/bd/29303.png
426;Couleurs De Paris;2 — 4;10+;40 — 80;https://www.myludo.fr/img/jeux/1716456725/300/bc/28467.png
427;Corinth;2 — 4;8+;20 — 30;https://www.myludo.fr/img/jeux/1725707130/300/bc/28597.png
428;Villainous;2 — 6;10+;40 — 120;https://www.myludo.fr/img/jeux/1762164053/300/bg/32630.png
429;Touché Poulet;2 — 4;10+;45;https://www.myludo.fr/img/jeux/1605904329/300/ax/23550.png
430;Nyctophobia;3 — 5;9+;45 — 55;https://www.myludo.fr/img/jeux/1712817271/300/az/25243.png
431;Le Grand Jeu;3 — 5;10+;20;https://www.myludo.fr/img/jeux/1746852760/300/bg/32231.png
432;Super Cats;3 — 6;8+;30;https://www.myludo.fr/img/jeux/1735309708/300/bg/32389.png
433;Herbaceous;1 — 4;8+;20;https://www.myludo.fr/img/jeux/1729440835/300/bg/32519.png
434;Poule Poule;2 — 8;8+;30;https://www.myludo.fr/img/jeux/1731827654/300/bh/33140.png
435;Zombie Bus;2 — 5;10+;20;https://www.myludo.fr/img/jeux/1741269404/300/ay/24847.png
436;High Five;2 — 5;10+;30 — 60;https://www.myludo.fr/img/jeux/1635165269/300/bg/32852.png
437;Between Two Castles Of Mad King Ludwig;2 — 7;10+;30 — 60;https://www.myludo.fr/img/jeux/1725622456/300/ba/26978.png
438;Palm Island;1 — 2;12+;15;https://www.myludo.fr/img/jeux/1651764382/300/bh/33065.png
439;Root;1 — 6;10+;60 — 90;https://www.myludo.fr/img/jeux/1747309606/300/bc/28965.png
440;Matryoshka;3 — 5;8+;30;https://www.myludo.fr/img/jeux/1701704188/300/bc/28356.png
441;Detective Club;4 — 8;8+;45;https://www.myludo.fr/img/jeux/1705619299/300/bb/27222.png
442;Buzzer F*Cker;2 — 8;14+;30;https://www.myludo.fr/img/jeux/1742371284/300/bh/33088.png
443;Dinosaur Island;1 — 4;10+;90;https://www.myludo.fr/img/jeux/1649704833/300/bg/32172.png
444;Tuki;2 — 4;8+;30 — 45;https://www.myludo.fr/img/jeux/1610231959/300/bc/28773.png
445;In A Grove;3 — 4;10+;30;https://www.myludo.fr/img/jeux/1712211791/300/ab/1058.png
446;Twins;3 — 6;8+;30;https://www.myludo.fr/img/jeux/1597821029/300/at/19119.png
447;The Pyramid'S Deadline;2 — 6;8+;20;https://www.myludo.fr/img/jeux/1567715497/300/au/20155.png
448;Oui Seigneur Des Ténèbres ! 2 - L'Aube Des Héros;4 — 6;10+;30 — 60;https://www.myludo.fr/img/jeux/1725788570/300/aj/9454.png
449;Déclic Évolution;3 — 8;10+;20;https://www.myludo.fr/img/jeux/1575291600/300/ab/1688.png
450;Il Était Une Fois;2 — 6;10+;30;https://www.myludo.fr/img/jeux/1710359090/300/ab/1707.png
451;Skull King;2 — 6;8+;30;https://www.myludo.fr/img/jeux/1681394829/300/au/20800.png
452;Targui;Duo;12+;60;https://www.myludo.fr/img/jeux/1759923141/300/az/25996.png
453;Ghooost !;2 — 6;8+;15;https://www.myludo.fr/img/jeux/1718693169/300/ac/2673.png
454;Le Poker Des Cafards Royal;2 — 6;8+;15 — 30;https://www.myludo.fr/img/jeux/1590565737/300/ap/15454.png
455;Panic Cafard;2 — 4;5+;15 — 20;https://www.myludo.fr/img/jeux/1701433207/300/ac/2399.png
456;Tokyo Highway;2 — 4;8+;45;https://www.myludo.fr/img/jeux/1730563935/300/bb/27354.png
457;Little Town;2 — 4;10+;45;https://www.myludo.fr/img/jeux/1757237186/300/bg/32047.png
458;Pavlova Coco;3 — 8;18+;20;https://www.myludo.fr/img/jeux/1725526859/300/bf/31864.png
459;Bahamas;4 — 8;10+;30;https://www.myludo.fr/img/jeux/1751872285/300/bc/28769.png
460;Ice Team;Duo;8+;20;https://www.myludo.fr/img/jeux/1709037891/300/be/30763.png
461;Just One;3 — 7;8+;30;https://www.myludo.fr/img/jeux/1729162972/300/az/25929.png
462;Fantasy Realms;2 — 6;14+;20;https://www.myludo.fr/img/jeux/1718778544/300/bb/27159.png
463;Blitz !;3 — 6;10+;20;https://www.myludo.fr/img/jeux/1550750652/300/ac/2310.png
464;Babel;Duo;12+;45;https://www.myludo.fr/img/jeux/1694893273/300/ab/1908.png
465;La Chasse Aux Monstres;1 — 6;3 — 7;20;https://www.myludo.fr/img/jeux/1518443511/300/ab/1748.png
466;Trésor Caché;2 — 4;8+;30;https://www.myludo.fr/img/jeux/1732359210/300/ab/1689.png
467;Korsar;2 — 8;8+;20;https://www.myludo.fr/img/jeux/1755420197/300/ab/1598.png
468;Zombie 15';2 — 4;14+;15;https://www.myludo.fr/img/jeux/1734480649/300/ab/1607.png
469;Kaboum;2 — 5;6+;30;https://www.myludo.fr/img/jeux/1576140703/300/ab/1604.png
470;ChosŏN;2 — 4;14+;15;https://www.myludo.fr/img/jeux/1723953082/300/ab/1529.png
471;Vérone;2 — 5;8+;20;https://www.myludo.fr/img/jeux/1567165562/300/ab/1496.png
472;Speakeasy;Duo;10+;30;https://www.myludo.fr/img/jeux/1631982119/300/ab/1501.png
473;Les Bâtisseurs;2 — 4;10+;30;https://www.myludo.fr/img/jeux/1741789714/300/ab/1482.png
474;Wakanda;Duo;8+;15;https://www.myludo.fr/img/jeux/1616027580/300/ab/1441.png
475;Room-25 - Season 2;1 — 8;10+;25;https://www.myludo.fr/img/jeux/1761514201/300/ab/1306.png
476;El Capitan;2 — 6;6+;20;https://www.myludo.fr/img/jeux/1754603953/300/ab/1298.png
477;Piratoons;2 — 4;8+;30;https://www.myludo.fr/img/jeux/1622970681/300/ab/1290.png
478;Gaïa;2 — 5;8+;30;https://www.myludo.fr/img/jeux/1758467630/300/ab/1295.png
479;Agent Hunter;Duo;10+;15;https://www.myludo.fr/img/jeux/1725975820/300/ab/1285.png
480;Dino Twist;2 — 6;7+;15;https://www.myludo.fr/img/jeux/1702041032/300/ab/1157.png
481;Oui Seigneur Des Ténèbres !;4 — 16;14+;30;https://www.myludo.fr/img/jeux/1723880118/300/ab/1159.png
482;Siggil;1 — 4;8+;20;https://www.myludo.fr/img/jeux/1710179308/300/ab/1077.png
483;Castellion;1 — 2;10+;30;https://www.myludo.fr/img/jeux/1661764780/300/ab/1024.png
484;Siam;Duo;7+;15;https://www.myludo.fr/img/jeux/1642524493/300/aa/946.png
485;Robinson Crusoé;1 — 4;8+;120;https://www.myludo.fr/img/jeux/1753168048/300/ac/2243.png
486;Noxford;2 — 4;8+;20;https://www.myludo.fr/img/jeux/1614538834/300/aa/416.png
487;La Forêt Mystérieuse;2 — 4;6+;20;https://www.myludo.fr/img/jeux/1733000539/300/aa/328.png
488;L'Auberge Des Pirates;2 — 8;7+;15;https://www.myludo.fr/img/jeux/1752483065/300/ay/24700.png
489;Arkantar;Duo;8+;25;https://www.myludo.fr/img/jeux/1654604301/300/ay/24969.png
490;Fallout;1 — 4;14+;120 — 180;https://www.myludo.fr/img/jeux/1756065402/300/az/25089.png
491;Planet;2 — 4;8+;30 — 60;https://www.myludo.fr/img/jeux/1757927434/300/ba/26385.png
492;Jungle;Duo;10+;20;https://www.myludo.fr/img/jeux/1659984571/300/al/11927.png
493;Claim;Duo;10+;25;https://www.myludo.fr/img/jeux/1610232916/300/bc/28355.png
494;Slide Quest;1 — 4;7+;15 — 45;https://www.myludo.fr/img/jeux/1723985890/300/bd/29157.png
495;Sprint!;2 — 4;8+;10;https://www.myludo.fr/img/jeux/1554969343/300/bd/29738.png
496;One Key;2 — 6;10+;20;https://www.myludo.fr/img/jeux/1696153352/300/bc/28013.png
497;La Vallée Des Rois;Duo;12+;30;https://www.myludo.fr/img/jeux/1647600599/300/au/20742.png
498;Patchwork Doodle;1 — 6;8+;30;https://www.myludo.fr/img/jeux/1726139921/300/bd/29588.png
499;Singidunum;Duo;14+;45;https://www.myludo.fr/img/jeux/1694623206/300/aa/534.png
500;Deal Gentlemen Collectionneurs;2 — 3;7+;10;https://www.myludo.fr/img/jeux/1622721335/300/ab/1428.png
501;Plan Social;2 — 6;12+;25;https://www.myludo.fr/img/jeux/1593931827/300/af/5450.png
502;Aeon'S End;1 — 4;14+;60 — 120;https://www.myludo.fr/img/jeux/1752842276/300/ax/23357.png
503;Dead Of Winter - La Nuit La Plus Longue;2 — 5;13+;60 — 120;https://www.myludo.fr/img/jeux/1747212697/300/aa/334.png
504;Junta;2 — 7;14+;180;https://www.myludo.fr/img/jeux/1606295475/300/aa/622.png
505;Champions De Midgard;2 — 4;10+;60 — 120;https://www.myludo.fr/img/jeux/1725782246/300/at/19194.png
506;Asgard;2 — 4;12+;90;https://www.myludo.fr/img/jeux/1570017500/300/ac/2720.png
507;Fourmidable;1 — 6;8+;60;https://www.myludo.fr/img/jeux/1619585363/300/aa/199.png
508;Le Testament Du Duc De Crécy;1 — 4;8+;60;https://www.myludo.fr/img/jeux/1566332241/300/ac/2187.png
509;Tikal;2 — 4;10+;60 — 90;https://www.myludo.fr/img/jeux/1744913751/300/aa/387.png
510;Colossus Arena;2 — 5;8+;45;https://www.myludo.fr/img/jeux/1617047189/300/ac/2066.png
511;Libertalia;2 — 6;14+;45 — 60;https://www.myludo.fr/img/jeux/1615462322/300/ad/3312.png
512;Intrigues À Venise;3 — 5;10+;60;https://www.myludo.fr/img/jeux/1666662367/300/ac/2095.png
513;Révolution;3 — 6;14+;15 — 45;https://www.myludo.fr/img/jeux/1711576777/300/bf/31214.png
514;Railroad Revolution;2 — 4;12+;45 — 90;https://www.myludo.fr/img/jeux/1618257724/300/aa/430.png
515;Russian Railroads;2 — 4;12+;100;https://www.myludo.fr/img/jeux/1748596559/300/ab/1999.png
516;Mexica;2 — 4;10+;90;https://www.myludo.fr/img/jeux/1744820979/300/at/19115.png
517;PitchCar;2 — 8;6+;30;https://www.myludo.fr/img/jeux/1619603109/300/aq/16993.png
518;Pas De Bras... Pas De Chocolat !;3 — 6;9+;30;https://www.myludo.fr/img/jeux/1708517230/300/be/30966.png
519;Koryŏ;2 — 4;14+;15;https://www.myludo.fr/img/jeux/1726139087/300/ac/2217.png
520;Port Royal;2 — 5;8+;30;https://www.myludo.fr/img/jeux/1692686324/300/as/18722.png
521;Croc!;2 — 6;8+;15;https://www.myludo.fr/img/jeux/1685718013/300/ad/3366.png
522;Souk;3 — 5;8+;15;https://www.myludo.fr/img/jeux/1693852855/300/ab/1571.png
523;Patchwork;Duo;8+;30;https://www.myludo.fr/img/jeux/1758872438/300/au/20059.png
524;Patchwork Express;Duo;6+;15 — 30;https://www.myludo.fr/img/jeux/1757843235/300/bd/29587.png
525;1347 - The Black Plague;2 — 6;14+;50 — 180;https://www.myludo.fr/img/jeux/1565955413/300/az/25324.png
526;Les Aventuriers Du Rail - Mon Premier Voyage;2 — 4;6+;20;https://www.myludo.fr/img/jeux/1685642414/300/aa/481.png
527;Bazar Bizarre 2.0;2 — 8;8+;20 — 30;https://www.myludo.fr/img/jeux/1610190735/300/ac/2298.png
528;Epic - Le Jeu De Cartes;2 — 4;13+;20 — 40;https://www.myludo.fr/img/jeux/1594712389/300/aa/204.png
529;Agricola;Duo;12+;45;https://www.myludo.fr/img/jeux/1737214750/300/ad/3652.png
530;Sang Rancune;3 — 6;14+;60;https://www.myludo.fr/img/jeux/1658846956/300/ak/10051.png
531;Carcassonne Big Box;2 — 6;8+;30 — 60;https://www.myludo.fr/img/jeux/1758873708/300/ac/2930.png
532;Flamme Rouge - Peloton;1 — 12;8+;30 — 60;https://www.myludo.fr/img/jeux/1750359672/300/at/19723.png
533;Quand Mèmes;3+;16+;20 — 30;https://www.myludo.fr/img/jeux/1749242293/300/az/25402.png
534;Sponsio;3 — 4;10+;40;https://www.myludo.fr/img/jeux/1532617882/300/aa/356.png
535;Memoarrr!;2 — 4;8+;20 — 30;https://www.myludo.fr/img/jeux/1687363954/300/ax/23534.png
536;Bruxelles 1893;2 — 5;14+;75;https://www.myludo.fr/img/jeux/1761258690/300/ac/2064.png
537;Crypt;1 — 4;12+;20;https://www.myludo.fr/img/jeux/1741868630/300/ay/24029.png
538;Draftosaurus;2 — 5;8+;15;https://www.myludo.fr/img/jeux/1730370265/300/bc/28590.png
539;Escape - La Malédiction Du Temple;1 — 5;8+;10;https://www.myludo.fr/img/jeux/1735196674/300/ad/3011.png
540;Fleet Commander 1 - Ignition;Duo;12+;60;https://www.myludo.fr/img/jeux/1576927385/300/ab/1502.png
541;Forteresse;2 — 4;10+;15;https://www.myludo.fr/img/jeux/1663678242/300/at/19839.png
542;La Fureur De Dracula;2 — 5;14+;120 — 180;https://www.myludo.fr/img/jeux/1762219742/300/ax/23817.png
543;Meeple Circus;2 — 5;8+;45;https://www.myludo.fr/img/jeux/1749910351/300/au/20767.png
544;Paris 1800;2 — 4;12+;45;https://www.myludo.fr/img/jeux/1605886772/300/aa/858.png
545;Pool Party;2 — 4;6+;10;https://www.myludo.fr/img/jeux/1570022619/300/au/20868.png
546;Senators;3 — 5;10+;45 — 60;https://www.myludo.fr/img/jeux/1611621314/300/ba/26675.png
547;Tigre Et Euphrate;2 — 4;12+;90;https://www.myludo.fr/img/jeux/1762333622/300/ab/1238.png
548;Water Lily;2 — 4;7+;20;https://www.myludo.fr/img/jeux/1724659421/300/ag/6382.png
549;Lindisfarne;2 — 4;10+;45;https://www.myludo.fr/img/jeux/1746852714/300/ay/24970.png
550;The Manhattan Project;2 — 5;14+;120;https://www.myludo.fr/img/jeux/1557903772/300/ab/1680.png
551;Le Donjon De Naheulbeuk;3 — 6;10+;60;https://www.myludo.fr/img/jeux/1762280632/300/ag/6395.png
552;Secrets;4 — 8;10+;20;https://www.myludo.fr/img/jeux/1726130720/300/at/19290.png
553;Novembre Rouge;1 — 8;12+;90;https://www.myludo.fr/img/jeux/1718622152/300/ac/2534.png
554;Les Chevaliers De La Table Ronde;3 — 7;10+;90;https://www.myludo.fr/img/jeux/1734073795/300/an/13912.png
555;Flick'Em UP!;2 — 10;8+;45;https://www.myludo.fr/img/jeux/1611066238/300/ab/1119.png
556;Liens De Sang;6 — 12;14+;30;https://www.myludo.fr/img/jeux/1565440711/300/ab/1751.png
557;Steam Torpedo - Pack D'Immersion;Duo;13+;30;https://www.myludo.fr/img/jeux/1757238215/300/ae/4247.png
558;Star Wars - Assaut Sur L'Empire;1 — 5;12+;90;https://www.myludo.fr/img/jeux/1737188523/300/ab/1125.png
559;Voodoo;3 — 6;8+;20;https://www.myludo.fr/img/jeux/1756071151/300/as/18783.png
560;Focus;3 — 18;16+;30;https://www.myludo.fr/img/jeux/1741451177/300/aa/636.png
561;Tokyo Train;4 — 8;8+;15;https://www.myludo.fr/img/jeux/1622980046/300/bc/28026.png
562;Oui, Seigneur Des Ténèbres !;4 — 6;10+;30 — 60;https://www.myludo.fr/img/jeux/1688890779/300/ay/24386.png
563;Fluxx;2 — 6;8+;20;https://www.myludo.fr/img/jeux/1610930651/300/ax/23990.png
564;Nosferatu;4 — 10;10+;20;https://www.myludo.fr/img/jeux/1601649359/300/at/19696.png
565;Boom Bokken;4 — 9;8+;20;https://www.myludo.fr/img/jeux/1611066384/300/ab/1468.png
566;The Resistance;5 — 10;13+;30;https://www.myludo.fr/img/jeux/1692370831/300/ax/23527.png
567;Le Désert Interdit;2 — 5;10+;45;https://www.myludo.fr/img/jeux/1756067222/300/ac/2273.png
568;Taluva;2 — 4;8+;45;https://www.myludo.fr/img/jeux/1758872889/300/ac/2226.png
569;Rumble In The House;3 — 6;8+;20;https://www.myludo.fr/img/jeux/1724017846/300/ae/4333.png
570;Dungeon Fighter;1 — 6;7+;45;https://www.myludo.fr/img/jeux/1593971223/300/ad/3715.png
571;NMBR9;1 — 4;8+;20;https://www.myludo.fr/img/jeux/1616398565/300/at/19338.png
572;Rumble In The Dungeon;3 — 6;8+;20;https://www.myludo.fr/img/jeux/1725785401/300/ad/3213.png
573;Mixmo;2 — 6;8+;15;https://www.myludo.fr/img/jeux/1593780094/300/ac/2657.png
574;Hive Pocket;Duo;10+;15 — 30;https://www.myludo.fr/img/jeux/1619762466/300/ad/3632.png
575;Give Me Five;4 — 9;12+;15;https://www.myludo.fr/img/jeux/1709893277/300/ac/2249.png
576;Immortals;3 — 5;14+;120;https://www.myludo.fr/img/jeux/1616035396/300/au/20798.png
577;Tempête Sur L'Échiquier;Duo;10+;30 — 60;https://www.myludo.fr/img/jeux/1611083565/300/ay/24416.png
578;Speed;Duo;6+;5 — 10;https://www.myludo.fr/img/jeux/1696937116/300/ax/23712.png
579;Fight For Olympus;Duo;12+;30;https://www.myludo.fr/img/jeux/1628495334/300/at/19775.png
580;Little Big Fish;Duo;8+;20;https://www.myludo.fr/img/jeux/1753053123/300/au/20068.png
581;Colt Express;2 — 6;10+;30 — 60;https://www.myludo.fr/img/jeux/1730529662/300/bc/28851.png
582;Diamant;3 — 8;8+;30;https://www.myludo.fr/img/jeux/1741865064/300/aa/521.png
583;Argh;2 — 4;8+;5 — 15;https://www.myludo.fr/img/jeux/1756317852/300/aa/165.png
584;Quoridor Mini;2 — 4;8+;15;https://www.myludo.fr/img/jeux/1704983631/300/aa/887.png
585;Quarto Mini;Duo;8+;30;https://www.myludo.fr/img/jeux/1619442034/300/ay/24697.png
586;Welcome To Abilene;2 — 4;10+;25;https://www.myludo.fr/img/jeux/1574858352/300/ab/1814.png
587;Innovation;2 — 4;14+;60;https://www.myludo.fr/img/jeux/1723065716/300/ae/4114.png
588;Marrakech;2 — 4;8+;15;https://www.myludo.fr/img/jeux/1741868303/300/ag/6816.png
589;Maître Renard;2 — 4;7+;20;https://www.myludo.fr/img/jeux/1735648461/300/ab/1294.png
590;Mon Premier Carcassonne;2 — 4;4+;10;https://www.myludo.fr/img/jeux/1759307805/300/ai/8360.png
591;Elemon;2 — 6;8+;45;https://www.myludo.fr/img/jeux/1753181653/300/ab/1813.png
592;Spaghetti;2 — 4;6+;30;https://www.myludo.fr/img/jeux/1629440623/300/aa/329.png
593;La Chasse Aux Monstres;1 — 6;3 — 7;10;https://www.myludo.fr/img/jeux/1756067140/300/aa/587.png
594;TRUT;2 — 4;8+;15;https://www.myludo.fr/img/jeux/1679391162/300/at/19291.png
595;L'Âge De Pierre Junior;2 — 4;5+;15;https://www.myludo.fr/img/jeux/1747310322/300/aa/683.png
596;Chabyrinthe;1 — 4;6+;20;https://www.myludo.fr/img/jeux/1618320542/300/bc/28209.png
597;Gloobz;2 — 6;6+;20;https://www.myludo.fr/img/jeux/1656922531/300/ab/1642.png
598;Chasseurs De Légendes;2 — 5;10+;45;https://www.myludo.fr/img/jeux/1694899663/300/aa/702.png
599;V-Commandos;1 — 4;12+;90;https://www.myludo.fr/img/jeux/1646160674/300/aa/262.png
600;We Are The Word;3 — 7;8+;20;https://www.myludo.fr/img/jeux/1550754418/300/aa/23.png
601;A Fake Artist Goes To New York;5 — 10;8+;20;https://www.myludo.fr/img/jeux/1753911966/300/aw/22169.png
602;El Maestro;3 — 8;8+;30;https://www.myludo.fr/img/jeux/1734344870/300/bb/27520.png
603;Stupide Vautour;2 — 5;8+;20;https://www.myludo.fr/img/jeux/1747316731/300/ba/26014.png
604;Gnôle;3 — 10;18+;30 — 60;https://www.myludo.fr/img/jeux/1657728548/300/ay/24865.png
605;Unearth;2 — 4;8+;60;https://www.myludo.fr/img/jeux/1675085853/300/at/19761.png
606;Perlatette;2 — 5;6+;10 — 20;https://www.myludo.fr/img/jeux/1634727540/300/at/19445.png
607;BAF!;3 — 5;8+;20;https://www.myludo.fr/img/jeux/1760671150/300/aa/83.png
608;Grumpf;2 — 6;8+;15;https://www.myludo.fr/img/jeux/1725785315/300/aa/74.png
609;Arboria;2 — 4;10+;30 — 60;https://www.myludo.fr/img/jeux/1611930998/300/aa/45.png
610;Les Montagnes Hallucinées;3 — 5;12+;30 — 60;https://www.myludo.fr/img/jeux/1713876234/300/av/21404.png
611;Eternity;3 — 5;10+;30;https://www.myludo.fr/img/jeux/1758987083/300/av/21341.png
612;Shakespeare;1 — 4;13+;20 — 90;https://www.myludo.fr/img/jeux/1610896681/300/ab/1097.png
613;Sbires;2 — 5;12+;30 — 60;https://www.myludo.fr/img/jeux/1654070934/300/ay/24618.png
614;Senseï;Duo;7+;15;https://www.myludo.fr/img/jeux/1619465282/300/aa/945.png
615;Kooba;3 — 5;8+;20;https://www.myludo.fr/img/jeux/1718367272/300/aa/936.png
616;Haru Ichiban;Duo;8+;20;https://www.myludo.fr/img/jeux/1668366935/300/aa/973.png
617;Naruto Shippuden;2 — 5;13+;60;https://www.myludo.fr/img/jeux/1729378226/300/aa/981.png
618;Texto!;2 — 6;6+;15;https://www.myludo.fr/img/jeux/1652964392/300/aw/22256.png
619;Crabz;2 — 4;8+;20;https://www.myludo.fr/img/jeux/1722803494/300/ab/1278.png
620;Cacao;2 — 4;8+;30 — 60;https://www.myludo.fr/img/jeux/1758872723/300/ba/26539.png
621;Gaïa;2 — 5;8+;30;https://www.myludo.fr/img/jeux/1758872279/300/ab/1277.png
622;Lords Of Scotland;2 — 5;14+;30;https://www.myludo.fr/img/jeux/1758927023/300/ao/14079.png
623;King & Assassins;Duo;10+;30;https://www.myludo.fr/img/jeux/1758647838/300/ab/1372.png
624;Dragon Run;2 — 5;8+;15;https://www.myludo.fr/img/jeux/1729847975/300/ab/1443.png
625;Le Monde Est Fou;4 — 12;12+;40;https://www.myludo.fr/img/jeux/1697616906/300/ab/1830.png
626;Gobblet !;Duo;7+;10;https://www.myludo.fr/img/jeux/1665142968/300/ac/2069.png
627;Ascension - La Renaissance De Vigil;1 — 4;13+;30;https://www.myludo.fr/img/jeux/1718016856/300/ar/17583.png
628;Smash Up;2 — 4;12+;45;https://www.myludo.fr/img/jeux/1743573382/300/ad/3486.png
629;Deadwood;2 — 5;13+;30 — 60;https://www.myludo.fr/img/jeux/1590570028/300/ae/4360.png
630;Pylos Mini;Duo;8+;30;https://www.myludo.fr/img/jeux/1666088881/300/ay/24694.png
631;Échecs;Duo;6+;60;https://www.myludo.fr/img/jeux/1741869078/300/as/18277.png
632;Santorini;2 — 4;8+;20;https://www.myludo.fr/img/jeux/1741868776/300/ax/23865.png
633;Via Nebula;2 — 4;12+;45;https://www.myludo.fr/img/jeux/1692342229/300/aa/794.png
634;Kaleidos;2 — 12;10+;60;https://www.myludo.fr/img/jeux/1697383815/300/aa/977.png
635;Déclic !?;3 — 8;8+;20;https://www.myludo.fr/img/jeux/1709854485/300/ag/6927.png
636;Duplik;3 — 10;8+;45;https://www.myludo.fr/img/jeux/1743701366/300/bd/29651.png
637;Contrario;3 — 10;12+;20;https://www.myludo.fr/img/jeux/1724016156/300/ax/23231.png
638;Mafia De Cuba;6 — 12;10+;20;https://www.myludo.fr/img/jeux/1662711950/300/ab/1108.png
639;Ligretto Bleu;2 — 4;8+;30;https://www.myludo.fr/img/jeux/1725536213/300/bd/29122.png
640;Jack & Le Haricot Magique;2 — 5;7+;20;https://www.myludo.fr/img/jeux/1753054233/300/aa/41.png
641;Princess Jing;Duo;8+;15 — 30;https://www.myludo.fr/img/jeux/1639997594/300/at/19720.png
642;Yōkaï No Mori;Duo;7+;15;https://www.myludo.fr/img/jeux/1725785298/300/ac/2159.png
643;Pict It;2 — 14;7+;15 — 25;https://www.myludo.fr/img/jeux/1742371478/300/az/25759.png
644;Secret Hitler;5 — 10;14+;30 — 60;https://www.myludo.fr/img/jeux/1742157509/300/aa/561.png
645;Mr. Jack - London;Duo;8+;30;https://www.myludo.fr/img/jeux/1741868190/300/at/19064.png
646;Strike;2 — 5;8+;15;https://www.myludo.fr/img/jeux/1713109062/300/az/25639.png
647;Onirim;1 — 2;8+;15;https://www.myludo.fr/img/jeux/1727014448/300/ab/1492.png
648;Escape Game : Saurez-Vous Vous Évader... De Ces 3 Aventures?;1 — 2;14+;60 — 180;https://www.myludo.fr/img/jeux/1637846755/300/as/18579.png
649;Raptor;Duo;9+;25;https://www.myludo.fr/img/jeux/1672195484/300/av/21914.png
650;Jurassic Snack;Duo;7+;15;https://www.myludo.fr/img/jeux/1753886383/300/at/19857.png
651;Ricochet Robots;1 — 20;10+;30;https://www.myludo.fr/img/jeux/1617102105/300/ab/1948.png
652;Lift It!;1 — 4;8+;30;https://www.myludo.fr/img/jeux/1699608940/300/av/21040.png
653;Arena - For The Gods!;2 — 6;8+;30;https://www.myludo.fr/img/jeux/1735984402/300/aa/75.png
654;Qwirkle;2 — 4;6+;30 — 45;https://www.myludo.fr/img/jeux/1724659399/300/ah/7037.png
655;Wazabi;2 — 6;8+;20;https://www.myludo.fr/img/jeux/1749910008/300/at/19037.png
656;Vendredi 13;3 — 6;8+;30;https://www.myludo.fr/img/jeux/1677822313/300/ab/1628.png
657;Boomerang;3 — 5;8+;30;https://www.myludo.fr/img/jeux/1755853958/300/ad/3482.png
658;Dolorès;2 — 4;10+;20;https://www.myludo.fr/img/jeux/1741157684/300/aa/495.png
659;Compatibility;3 — 8;10+;30;https://www.myludo.fr/img/jeux/1724016221/300/aa/684.png
660;Quoridor Classic;2 — 4;8+;15;https://www.myludo.fr/img/jeux/1620644976/300/aa/466.png
661;Crazy Cups;2 — 4;6+;20;https://www.myludo.fr/img/jeux/1739269997/300/ac/2002.png
662;Small Islands;1 — 4;8+;20 — 35;https://www.myludo.fr/img/jeux/1733392972/300/aw/22825.png
663;Les Chevaliers Arc-En-Ciel;2 — 6;10+;5 — 10;https://www.myludo.fr/img/jeux/1611183170/300/az/25093.png
664;Yogi;3 — 10;8+;15;https://www.myludo.fr/img/jeux/1762931496/300/au/20934.png
665;Minivilles;2 — 4;7+;30;https://www.myludo.fr/img/jeux/1725536944/300/ab/1759.png
666;IKNOW;2 — 6;15+;45;https://www.myludo.fr/img/jeux/1611656711/300/ac/2205.png
667;Suspend;1 — 4;8+;15;https://www.myludo.fr/img/jeux/1726236221/300/ad/3589.png
668;Gare À La Toile;2 — 4;6+;20;https://www.myludo.fr/img/jeux/1747310509/300/au/20050.png
669;Riff Raff;2 — 4;8+;30;https://www.myludo.fr/img/jeux/1617264825/300/ad/3193.png
670;Mimtoo;4 — 10;7+;25;https://www.myludo.fr/img/jeux/1753782331/300/ae/4043.png
671;Longhorn;Duo;8+;15;https://www.myludo.fr/img/jeux/1688318928/300/ab/1954.png
672;Welcome To The Dungeon;2 — 4;10+;30;https://www.myludo.fr/img/jeux/1756241510/300/ab/1249.png
673;Gang Of Four;3 — 4;8+;30;https://www.myludo.fr/img/jeux/1758466624/300/ar/17479.png
674;Maze Racers;Duo;7+;20;https://www.myludo.fr/img/jeux/1648633461/300/aa/707.png
675;Sylvion;1 — 2;10+;35;https://www.myludo.fr/img/jeux/1661765011/300/ab/1204.png
676;Les Cités Perdues;Duo;10+;30;https://www.myludo.fr/img/jeux/1670242816/300/ak/10832.png
677;Okiya;Duo;7+;20;https://www.myludo.fr/img/jeux/1757927748/300/ad/3233.png
678;Witness - Blake Et Mortimer;4;10+;15;https://www.myludo.fr/img/jeux/1701676090/300/ab/1393.png
679;Isle Of Skye;2 — 5;8+;30 — 50;https://www.myludo.fr/img/jeux/1757928345/300/aa/612.png
680;Battle Sheep;2 — 4;7+;15;https://www.myludo.fr/img/jeux/1658742653/300/ab/1837.png
681;CS Files;4 — 12;14+;20;https://www.myludo.fr/img/jeux/1609171818/300/aa/465.png
682;Alhambra;2 — 6;8+;45 — 60;https://www.myludo.fr/img/jeux/1695153271/300/as/18885.png
683;Insider;4 — 8;9+;15;https://www.myludo.fr/img/jeux/1754991487/300/aa/414.png
684;Kobayakawa;3 — 6;8+;15;https://www.myludo.fr/img/jeux/1683372501/300/ab/1882.png
685;Loup-Garou Pour Une Nuit;3 — 10;9+;10;https://www.myludo.fr/img/jeux/1709933426/300/aa/681.png
686;Pocket Madness;2 — 4;8+;30;https://www.myludo.fr/img/jeux/1753054087/300/aa/347.png
687;Le Lièvre & La Tortue;2 — 5;7+;20;https://www.myludo.fr/img/jeux/1736333011/300/ab/1620.png
688;Jenga;1 — 10;6+;30;https://www.myludo.fr/img/jeux/1691749410/300/ba/26239.png
689;Sun Tzu;Duo;10+;30;https://www.myludo.fr/img/jeux/1741074063/300/ab/1588.png
690;Clash Of Rage;1 — 4;14+;45 — 90;https://www.myludo.fr/img/jeux/1614761877/300/au/20930.png
691;La Petite Mort;2 — 4;14+;30;https://www.myludo.fr/img/jeux/1734194919/300/ba/26678.png
692;Guildes;3 — 6;10+;30;https://www.myludo.fr/img/jeux/1688153569/300/av/21993.png
693;For Sale;3 — 6;10+;20;https://www.myludo.fr/img/jeux/1741864934/300/ab/1081.png
694;Plouf Party;3 — 6;6+;15;https://www.myludo.fr/img/jeux/1650790471/300/au/20871.png
695;Flamme Rouge;2 — 4;8+;30;https://www.myludo.fr/img/jeux/1758363698/300/aa/400.png
696;Galèrapagos;3 — 12;10+;20;https://www.myludo.fr/img/jeux/1762628608/300/at/19255.png
697;Robin Wood;2 — 4;10+;15 — 30;https://www.myludo.fr/img/jeux/1652293744/300/az/25064.png
698;Crossing;3 — 6;6+;15;https://www.myludo.fr/img/jeux/1716914755/300/ab/1681.png
699;Bohnanza;2 — 5;12+;60;https://www.myludo.fr/img/jeux/1731594213/300/aq/16613.png
700;Barony;2 — 4;10+;45;https://www.myludo.fr/img/jeux/1729378453/300/ab/1161.png
701;Boursicocotte;3 — 5;10+;45;https://www.myludo.fr/img/jeux/1627114168/300/aq/16933.png
702;A Few Acres Of Snow;Duo;13+;75;https://www.myludo.fr/img/jeux/1727526270/300/ae/4733.png
703;Conan - Boîte King;2 — 5;14+;60 — 90;https://www.myludo.fr/img/jeux/1687863531/300/aa/913.png
704;I Love Brocoli;4+;12+;30;https://www.myludo.fr/img/jeux/1527345940/300/aa/42.png
705;Yamataï;2 — 4;13+;60;https://www.myludo.fr/img/jeux/1725707373/300/aa/215.png
706;Crôa!;2 — 4;7+;20;https://www.myludo.fr/img/jeux/1712235758/300/ad/3285.png
707;Manchots Barjots;2 — 5;10+;20;https://www.myludo.fr/img/jeux/1609171993/300/aa/823.png
708;Juduku;3+;18+;15 — 60;https://www.myludo.fr/img/jeux/1653405865/300/bb/27465.png
709;Schotten Totten;Duo;8+;15 — 30;https://www.myludo.fr/img/jeux/1757723393/300/aa/553.png
710;Smile;3 — 5;8+;15 — 30;https://www.myludo.fr/img/jeux/1609973644/300/ax/23057.png
711;TTMC;2 — 16;14+;42 — 97;https://www.myludo.fr/img/jeux/1747309718/300/bc/28269.png
712;Dead Of Winter;2 — 5;13+;60 — 120;https://www.myludo.fr/img/jeux/1747310558/300/ab/1385.png
713;Hanabi;2 — 5;8+;30;https://www.myludo.fr/img/jeux/1741868641/300/as/18529.png
714;Gobbit;2 — 8;6+;15;https://www.myludo.fr/img/jeux/1692718247/300/aa/696.png
715;DC Comics Deck-Building Game;2 — 5;14+;30;https://www.myludo.fr/img/jeux/1703873009/300/av/21428.png
716;Micro Robots;2 — 20;8+;20;https://www.myludo.fr/img/jeux/1592567966/300/aa/893.png
717;Cthulhu Realms;2 — 4;14+;25;https://www.myludo.fr/img/jeux/1757970231/300/au/20588.png
718;Trôl;2 — 5;10+;30;https://www.myludo.fr/img/jeux/1688326484/300/as/18910.png
719;Western Legends;2 — 6;14+;90;https://www.myludo.fr/img/jeux/1752123871/300/au/20268.png
720;L'Auberge Sanglante;1 — 4;14+;60;https://www.myludo.fr/img/jeux/1761500533/300/ab/1026.png
721;Twin It!;2 — 6;6+;15;https://www.myludo.fr/img/jeux/1695057703/300/au/20210.png
722;BraveRats;Duo;7+;5;https://www.myludo.fr/img/jeux/1706017757/300/ab/1850.png
723;Dice Forge;2 — 4;10+;45;https://www.myludo.fr/img/jeux/1741723701/300/aa/43.png
724;Kahuna;Duo;10+;30 — 40;https://www.myludo.fr/img/jeux/1619790581/300/ak/10396.png
725;Evolution;2 — 6;12+;60;https://www.myludo.fr/img/jeux/1714001602/300/aa/267.png
726;Abracada... Quoi ?;2 — 5;7+;30;https://www.myludo.fr/img/jeux/1725475334/300/ab/1230.png
727;Shadows Amsterdam;2 — 8;10+;30 — 60;https://www.myludo.fr/img/jeux/1697180282/300/az/25201.png
728;Five Tribes;2 — 4;13+;60;https://www.myludo.fr/img/jeux/1743714448/300/ab/1581.png
729;Les Bâtisseurs;2 — 4;10+;30;https://www.myludo.fr/img/jeux/1721479441/300/ac/2034.png
730;Shadow Hunters;4 — 8;8+;60;https://www.myludo.fr/img/jeux/1733393267/300/ah/7749.png
731;Les Aventuriers Du Rail - Autour Du Monde;2 — 5;10+;90 — 120;https://www.myludo.fr/img/jeux/1739268569/300/bb/27565.png
732;Tzolk'In;2 — 4;13+;90;https://www.myludo.fr/img/jeux/1733306205/300/ad/3195.png
733;Dany;3 — 8;16+;30;https://www.myludo.fr/img/jeux/1735196699/300/bc/28270.png
734;The Castles Of Burgundy;2 — 4;12+;90;https://www.myludo.fr/img/jeux/1759307221/300/ag/6932.png
735;Chakra;2 — 4;8+;30;https://www.myludo.fr/img/jeux/1730368473/300/bc/28191.png
736;Sea Of Clouds;2 — 4;10+;40;https://www.myludo.fr/img/jeux/1662712063/300/aa/646.png
737;Jetlag;3 — 8;12+;30;https://www.myludo.fr/img/jeux/1742371485/300/at/19627.png
738;Terraforming Mars;1 — 5;12+;90 — 120;https://www.myludo.fr/img/jeux/1747309922/300/aa/100.png
739;Great Western Trail;2 — 4;12+;120;https://www.myludo.fr/img/jeux/1721375294/300/aa/198.png
740;Fief;3 — 6;12+;120;https://www.myludo.fr/img/jeux/1699801206/300/ab/1674.png
741;Dominion;2 — 4;8+;45;https://www.myludo.fr/img/jeux/1743539556/300/ab/1939.png
742;Twelve Heroes;Duo;12+;30;https://www.myludo.fr/img/jeux/1665415502/300/aa/183.png
743;Samurai Spirit;1 — 7;10+;30;https://www.myludo.fr/img/jeux/1756029081/300/ab/1381.png
744;Onitama;Duo;8+;15;https://www.myludo.fr/img/jeux/1761994861/300/ba/26887.png
745;Mr. Jack Pocket;Duo;14+;20;https://www.myludo.fr/img/jeux/1753382594/300/ag/6381.png
746;Edenia;2 — 4;8+;30;https://www.myludo.fr/img/jeux/1725633238/300/aa/417.png
747;CuBirds;2 — 5;8+;30;https://www.myludo.fr/img/jeux/1741865053/300/ay/24746.png
748;Blanc Manger Coco;3 — 20;18+;20;https://www.myludo.fr/img/jeux/1699608316/300/ab/1303.png
749;Taggle;3 — 5;16+;20;https://www.myludo.fr/img/jeux/1709818066/300/ae/4642.png
750;Deep Sea Adventure;2 — 6;8+;30;https://www.myludo.fr/img/jeux/1739622864/300/ab/1698.png
751;Archimage;2 — 5;10+;45;https://www.myludo.fr/img/jeux/1742855802/300/aa/255.png
752;Welcome To Your Perfect Home;1+;10+;25;https://www.myludo.fr/img/jeux/1753053404/300/at/19524.png
753;The Game;1 — 5;8+;20;https://www.myludo.fr/img/jeux/1737807989/300/bv/47768.png
754;Nosferatu;5 — 8;10+;30;https://www.myludo.fr/img/jeux/1664862666/300/ac/2675.png
755;Zero;3 — 5;8+;20;https://www.myludo.fr/img/jeux/1739780835/300/ah/7388.png
756;Quartermaster;2 — 6;14+;120;https://www.myludo.fr/img/jeux/1616130838/300/aa/774.png
757;Bad Bones;1 — 6;8+;30 — 45;https://www.myludo.fr/img/jeux/1694894313/300/bd/29104.png
758;Bubblee Pop;1 — 2;8+;20;https://www.myludo.fr/img/jeux/1741865304/300/aa/468.png
759;L'Île Interdite;2 — 4;10+;30;https://www.myludo.fr/img/jeux/1762340693/300/ag/6357.png
760;La Course À L'Élysée;3 — 6;14+;45;https://www.myludo.fr/img/jeux/1694362098/300/ad/3933.png
761;Nagaraja;Duo;9+;30;https://www.myludo.fr/img/jeux/1757048659/300/ax/23118.png
762;Nations;1 — 5;14+;150;https://www.myludo.fr/img/jeux/1695292495/300/ac/2033.png
763;Chicago Express;2 — 6;10+;60;https://www.myludo.fr/img/jeux/1604583211/300/ab/1388.png
764;Quarriors !;2 — 4;14+;30;https://www.myludo.fr/img/jeux/1739703133/300/ac/2058.png
765;Neuroshima Hex! 3.0;1 — 4;13+;30;https://www.myludo.fr/img/jeux/1757414493/300/ab/1969.png
766;Lorenzo Le Magnifique;2 — 4;12+;90;https://www.myludo.fr/img/jeux/1736956734/300/aa/25.png
767;Exploding Kittens;2 — 5;7+;20;https://www.myludo.fr/img/jeux/1735754879/300/at/19847.png
768;Panic Island!;1 — 8;8+;2 — 10;https://www.myludo.fr/img/jeux/1658742208/300/aa/31.png
769;Ouga Bouga;3 — 8;7+;15;https://www.myludo.fr/img/jeux/1622967942/300/ae/4444.png
770;Brouhaha;3 — 36;6+;20;https://www.myludo.fr/img/jeux/1677687231/300/ac/2549.png
771;Mauvais Esprits;2 — 5;8+;30 — 40;https://www.myludo.fr/img/jeux/1605904173/300/ay/24972.png
772;Ghost Fightin' Treasure Hunters;2 — 4;8+;30;https://www.myludo.fr/img/jeux/1582906672/300/at/19417.png
773;Kikafé?;3 — 6;6+;15;https://www.myludo.fr/img/jeux/1753053656/300/aw/22923.png
774;Attack On Titan - Le Dernier Rempart;2 — 5;14+;30;https://www.myludo.fr/img/jeux/1716025320/300/aa/27.png
775;Le Dernier Casse;2 — 4;7+;30;https://www.myludo.fr/img/jeux/1609809642/300/ba/26322.png
776;Les Poilus;2 — 5;10+;30;https://www.myludo.fr/img/jeux/1725539205/300/ab/1280.png
777;King Of New York;2 — 6;10+;40;https://www.myludo.fr/img/jeux/1676772875/300/ab/1466.png
778;Dans Ta Tête;3 — 18;16+;20;https://www.myludo.fr/img/jeux/1611275129/300/az/25480.png
779;Le Parrain - L'Empire De Corleone;2 — 5;14+;60 — 90;https://www.myludo.fr/img/jeux/1732882356/300/au/20601.png
780;Katana;3 — 7;8+;40;https://www.myludo.fr/img/jeux/1722884301/300/ac/2543.png
781;Halli Galli Junior;2 — 4;4+;15;https://www.myludo.fr/img/jeux/1660240545/300/ag/6515.png
782;Halli Galli;2 — 6;6+;30;https://www.myludo.fr/img/jeux/1609175152/300/af/5168.png
783;One Deck Dungeon;1 — 2;14+;30;https://www.myludo.fr/img/jeux/1681301416/300/ax/23077.png
784;Fantasy II;2 — 4;8+;15;https://www.myludo.fr/img/jeux/1755418844/300/al/11321.png
785;Petits Meurtres & Faits Divers;4 — 7;12+;45;https://www.myludo.fr/img/jeux/1662719251/300/ak/10787.png
786;Chronicles Of Crime;1 — 4;12+;60 — 90;https://www.myludo.fr/img/jeux/1711743546/300/at/19974.png
787;Sherlock 13;2 — 4;6+;15;https://www.myludo.fr/img/jeux/1753054139/300/aa/29.png
788;Sherlock Holmes - Les Meurtres De La Tamise & Autres Enquêtes;1+;12+;120 — 180;https://www.myludo.fr/img/jeux/1728289873/300/aa/281.png
789;Les Loups-Garous De Thiercelieux;8 — 18;8+;30;https://www.myludo.fr/img/jeux/1741868394/300/as/18179.png
790;Les Loups-Garous De Thiercelieux - Best Of;8 — 28;10+;30;https://www.myludo.fr/img/jeux/1728787505/300/aa/494.png
791;This War Of Mine;1 — 6;18+;120;https://www.myludo.fr/img/jeux/1748621948/300/at/19870.png
792;Profiler;3 — 8;12+;30;https://www.myludo.fr/img/jeux/1753054666/300/aa/185.png
793;Andor - Chada & Thorn;Duo;10+;30 — 60;https://www.myludo.fr/img/jeux/1736072183/300/aa/552.png
794;Andor;2 — 4;10+;60;https://www.myludo.fr/img/jeux/1752842187/300/ac/2303.png
795;Ninja Taisen;Duo;8+;20 — 30;https://www.myludo.fr/img/jeux/1756246937/300/aa/134.png
796;The Boss;2 — 4;10+;40;https://www.myludo.fr/img/jeux/1638304999/300/af/5640.png
797;Boss Monster;2 — 4;14+;20;https://www.myludo.fr/img/jeux/1613759631/300/aa/530.png
798;Rise To Nobility;1 — 6;14+;25 — 150;https://www.myludo.fr/img/jeux/1614762155/300/au/20443.png
799;Dungeon Lords;2 — 4;12+;90;https://www.myludo.fr/img/jeux/1733672414/300/ah/7070.png
800;Las Vegas;2 — 5;8+;25;https://www.myludo.fr/img/jeux/1730658008/300/ay/24296.png
801;Le Dernier Banquet;6 — 25;14+;60;https://www.myludo.fr/img/jeux/1501787078/300/ab/1370.png
802;Camelot;2 — 5;10+;40;https://www.myludo.fr/img/jeux/1644961663/300/aa/738.png
803;Camel Up;2 — 8;8+;20 — 30;https://www.myludo.fr/img/jeux/1746979715/300/as/18651.png
804;Fast Fouille;3 — 8;10+;30;https://www.myludo.fr/img/jeux/1735043879/300/av/21048.png
805;Qui Paire Gagne;3 — 8;10+;30;https://www.myludo.fr/img/jeux/1725475017/300/aa/360.png
806;Photosynthesis;2 — 4;10+;60;https://www.myludo.fr/img/jeux/1733393007/300/au/20072.png
807;Minuit, Meurtre En Mer;2 — 6;12+;90;https://www.myludo.fr/img/jeux/1549994476/300/aa/6.png
808;Decrypto;3 — 8;12+;30;https://www.myludo.fr/img/jeux/1743240477/300/at/19555.png
809;Dixit - Odyssey;3 — 12;8+;30;https://www.myludo.fr/img/jeux/1694429654/300/ab/1577.png
810;The Big Book Of Madness;2 — 5;12+;60 — 120;https://www.myludo.fr/img/jeux/1746123393/300/aa/970.png
811;Le Petit Prince - Voyage Vers Les Étoiles;2 — 6;6+;20;https://www.myludo.fr/img/jeux/1732358371/300/av/21005.png
812;Kontour;3 — 7;10+;20;https://www.myludo.fr/img/jeux/1724494282/300/at/19716.png
813;Ice Cool;2 — 4;6+;30;https://www.myludo.fr/img/jeux/1702043750/300/aa/548.png
814;Pingouins;2 — 4;8+;20;https://www.myludo.fr/img/jeux/1733306400/300/ae/4479.png
815;Time Bomb;4 — 8;8+;15;https://www.myludo.fr/img/jeux/1753053696/300/aa/327.png
816;Quadropolis;2 — 4;8+;30 — 60;https://www.myludo.fr/img/jeux/1707249088/300/aa/782.png
817;Takenoko;2 — 4;8+;45;https://www.myludo.fr/img/jeux/1741722053/300/bc/28498.png
818;Kitchen Rush;1 — 4;12+;30 — 45;https://www.myludo.fr/img/jeux/1622966443/300/aw/22916.png
819;Not Alone;2 — 7;10+;30 — 45;https://www.myludo.fr/img/jeux/1741868894/300/aa/408.png
820;Service Compris!;2 — 6;10+;45;https://www.myludo.fr/img/jeux/1609174820/300/aa/736.png
821;Canardage;3 — 6;8+;20;https://www.myludo.fr/img/jeux/1722884130/300/aa/635.png
822;Le Trône De Fer - La Main Du Roi;2 — 4;14+;30;https://www.myludo.fr/img/jeux/1726416840/300/au/20296.png
823;Art Of War;Duo;12+;15;https://www.myludo.fr/img/jeux/1619441918/300/aa/507.png
824;Istanbul;2 — 5;10+;50;https://www.myludo.fr/img/jeux/1653314315/300/ab/1805.png
825;Les Charlatans De Belcastel;2 — 4;10+;30 — 60;https://www.myludo.fr/img/jeux/1721375390/300/az/25727.png
826;Bazar Bizarre;2 — 8;6+;20 — 30;https://www.myludo.fr/img/jeux/1630326778/300/be/30836.png
827;Le Bazar Des Voleurs;3 — 5;14+;45;https://www.myludo.fr/img/jeux/1609175031/300/aa/292.png
828;Bazar Bizarre - Le Chapeau Fantôme;2 — 8;8+;20;https://www.myludo.fr/img/jeux/1729517186/300/aa/652.png
829;Pickomino - La Totale !;2 — 7;8+;30;https://www.myludo.fr/img/jeux/1724601647/300/ba/26018.png
830;Drakon;2 — 6;10+;40;https://www.myludo.fr/img/jeux/1550477726/300/av/21333.png
831;King Of Tokyo;2 — 6;8+;30;https://www.myludo.fr/img/jeux/1749303146/300/aa/575.png
832;Dragon'S Gold;3 — 6;12+;45;https://www.myludo.fr/img/jeux/1754209080/300/ae/4451.png
833;Galaxy Trucker;2 — 4;10+;60;https://www.myludo.fr/img/jeux/1734863238/300/ad/3487.png
834;Mage Knight;1 — 4;14+;150;https://www.myludo.fr/img/jeux/1718882202/300/ab/1712.png
835;Santa Maria;1 — 4;12+;45 — 90;https://www.myludo.fr/img/jeux/1748612538/300/ba/26590.png
836;Seasons;2 — 4;14+;60;https://www.myludo.fr/img/jeux/1677597158/300/ad/3383.png
837;Condottiere;2 — 6;12+;30 — 45;https://www.myludo.fr/img/jeux/1755630675/300/ak/10429.png
838;Architectes Du Royaume De L'Ouest;1 — 5;12+;60 — 80;https://www.myludo.fr/img/jeux/1723264194/300/bc/28023.png
839;Mémoire 44;Duo;8+;30 — 60;https://www.myludo.fr/img/jeux/1751347321/300/ap/15580.png
840;Lewis & Clark;1 — 5;12+;120;https://www.myludo.fr/img/jeux/1695232597/300/ac/2036.png
841;The Resistance : Avalon;5 — 10;16+;30;https://www.myludo.fr/img/jeux/1658139277/300/ab/1895.png
842;Tokaido;2 — 5;8+;45;https://www.myludo.fr/img/jeux/1733907507/300/ad/3676.png
843;Outlaws - Last Man Standing;Duo;10+;15 — 20;https://www.myludo.fr/img/jeux/1685485545/300/av/21186.png
844;Immortal 8;3 — 6;14+;45;https://www.myludo.fr/img/jeux/1725785174/300/au/20799.png
845;Le Petit Chaperon Rouge;1 — 5;7+;20;https://www.myludo.fr/img/jeux/1638305621/300/ab/1073.png
846;Captain Sonar;2 — 8;14+;45;https://www.myludo.fr/img/jeux/1754584301/300/aa/545.png
847;Discoveries;2 — 4;14+;60;https://www.myludo.fr/img/jeux/1683903219/300/ab/1120.png
848;Celestia;2 — 6;8+;30;https://www.myludo.fr/img/jeux/1749443557/300/aa/817.png
849;Explorateurs De La Mer Du Nord;1 — 4;12+;30 — 60;https://www.myludo.fr/img/jeux/1613325327/300/at/19966.png
850;Snow Time;3 — 5;10+;30;https://www.myludo.fr/img/jeux/1756105880/300/az/25541.png
851;Cap'Taine Carcasse;2 — 4;8+;10 — 15;https://www.myludo.fr/img/jeux/1705045925/300/aa/645.png
852;Gobbit Angry Birds;2 — 8;6+;15;https://www.myludo.fr/img/jeux/1609177227/300/aa/632.png
853;Pillards De La Mer Du Nord;2 — 4;12+;70;https://www.myludo.fr/img/jeux/1723264038/300/aa/359.png
854;Parade;2 — 6;10+;30 — 60;https://www.myludo.fr/img/jeux/1622976140/300/ba/26286.png
855;Shabadabada;4+;8+;30 — 60;https://www.myludo.fr/img/jeux/1646419840/300/ac/2926.png
856;Fantasy;2 — 4;8+;20;https://www.myludo.fr/img/jeux/1709886035/300/as/18196.png
857;Kemet;2 — 5;13+;60;https://www.myludo.fr/img/jeux/1741158177/300/ad/3560.png
858;Race For The Galaxy;2 — 4;12+;40;https://www.myludo.fr/img/jeux/1744272153/300/ak/10200.png
859;Roll For The Galaxy;2 — 5;14+;30 — 60;https://www.myludo.fr/img/jeux/1667078160/300/aa/616.png
860;Le Petit Poucet Et La Forêt Mystérieuse;3 — 6;7+;20;https://www.myludo.fr/img/jeux/1629532629/300/ab/1847.png
861;Epic Card Game;2 — 8;13+;20 — 40;https://www.myludo.fr/img/jeux/1605286089/300/au/20160.png
862;Tiny Epic Galaxies;1 — 5;14+;30 — 60;https://www.myludo.fr/img/jeux/1746852670/300/aa/97.png
863;Tiny Epic Quest;1 — 4;14+;60;https://www.myludo.fr/img/jeux/1740408919/300/at/19220.png
864;Splendor;2 — 4;10+;30;https://www.myludo.fr/img/jeux/1750754757/300/ab/1875.png
865;Century - La Route Des Épices;2 — 5;8+;30 — 60;https://www.myludo.fr/img/jeux/1741868502/300/aa/61.png
866;Star Realms;Duo;12+;30 — 60;https://www.myludo.fr/img/jeux/1753053951/300/aa/860.png
867;Hero Realms;2 — 4;12+;20;https://www.myludo.fr/img/jeux/1682696248/300/aw/22968.png
868;Décrocher La Lune;2 — 6;6+;20;https://www.myludo.fr/img/jeux/1677477189/300/aa/7.png
869;Kingdom Builder;2 — 5;8+;30 — 60;https://www.myludo.fr/img/jeux/1721479811/300/ae/4258.png
870;Bunny Kingdom;2 — 4;12+;40 — 60;https://www.myludo.fr/img/jeux/1754225971/300/au/20071.png
871;When I Dream;4 — 10;8+;30;https://www.myludo.fr/img/jeux/1747309779/300/at/19546.png
872;Rush & Bash;2 — 6;8+;30;https://www.myludo.fr/img/jeux/1730559186/300/av/21880.png
873;Valeria;1 — 5;13+;30 — 45;https://www.myludo.fr/img/jeux/1705311613/300/at/19450.png
874;Anachrony;1 — 4;15+;30 — 120;https://www.myludo.fr/img/jeux/1759438267/300/aa/200.png
875;Shogun;3 — 5;12+;180;https://www.myludo.fr/img/jeux/1747369531/300/am/12120.png
876;Tomahawk;Duo;10+;40;https://www.myludo.fr/img/jeux/1607115059/300/al/11922.png
877;Jamaïca;2 — 6;8+;40;https://www.myludo.fr/img/jeux/1743680957/300/ah/7107.png
878;Jokes De Papa;2 — 12;16+;20 — 40;https://www.myludo.fr/img/jeux/1644305282/300/at/19722.png
879;Comment J'Ai Adopté Un Gnou;3 — 8;8+;20;https://www.myludo.fr/img/jeux/1742331181/300/ab/1550.png
880;Deus;2 — 4;14+;60;https://www.myludo.fr/img/jeux/1761815343/300/ab/1534.png
881;Imagine;3 — 8;12+;30;https://www.myludo.fr/img/jeux/1753041143/300/aa/630.png
882;Imaginarium;2 — 5;14+;60 — 90;https://www.myludo.fr/img/jeux/1744470575/300/at/19595.png
883;Paper Tales;2 — 5;12+;45;https://www.myludo.fr/img/jeux/1753053192/300/au/20620.png
884;Jaipur;Duo;12+;30;https://www.myludo.fr/img/jeux/1726139511/300/ah/7470.png
885;Bang!;3 — 8;8+;15;https://www.myludo.fr/img/jeux/1722942346/300/au/20021.png
886;Bang!;4 — 7;8+;20 — 40;https://www.myludo.fr/img/jeux/1741868958/300/ae/4947.png
887;Bang! - Le Duel;Duo;8+;30;https://www.myludo.fr/img/jeux/1728556366/300/av/21735.png
888;Paku Paku;2 — 8;8+;10;https://www.myludo.fr/img/jeux/1753054264/300/au/20056.png
889;Pandémie - Le Remède;2 — 5;10+;45;https://www.myludo.fr/img/jeux/1763310224/300/ab/1390.png
890;Pandemic - Montée Des Eaux;2 — 4;10+;30 — 60;https://www.myludo.fr/img/jeux/1739268506/300/ba/26542.png
891;Pandemic - La Chute De Rome;1 — 5;10+;30 — 60;https://www.myludo.fr/img/jeux/1696748742/300/ba/26492.png
892;Pandemic - Le Règne De Cthulhu;2 — 4;10+;30 — 60;https://www.myludo.fr/img/jeux/1754830873/300/as/18819.png
893;Pandemic;1 — 4;10+;45;https://www.myludo.fr/img/jeux/1721479519/300/ba/26543.png
894;Merlin Zinzin;2 — 6;7+;15;https://www.myludo.fr/img/jeux/1638305141/300/ad/3466.png
895;Privacy - No Limit?!;3 — 12;18+;45;https://www.myludo.fr/img/jeux/1635586821/300/ae/4617.png
896;Privacy;3 — 12;18+;45;https://www.myludo.fr/img/jeux/1654071029/300/aj/9712.png
897;Through The Ages;2 — 4;14+;120;https://www.myludo.fr/img/jeux/1697526228/300/aa/800.png
898;Cyclades - Titans;2 — 6;10+;90;https://www.myludo.fr/img/jeux/1655370827/300/ab/1606.png
899;Cyclades;2 — 5;10+;90;https://www.myludo.fr/img/jeux/1672267292/300/ah/7225.png
900;Dungeon Petz;2 — 4;13+;90;https://www.myludo.fr/img/jeux/1714291491/300/ad/3875.png
901;Caverna;1 — 7;12+;120;https://www.myludo.fr/img/jeux/1757238127/300/ac/2081.png
902;Rex;3 — 6;14+;180;https://www.myludo.fr/img/jeux/1727023332/300/ad/3570.png
903;La Guerre Des Moutons;2 — 4;7+;30;https://www.myludo.fr/img/jeux/1759430995/300/ae/4212.png
904;Augustus;2 — 6;8+;30;https://www.myludo.fr/img/jeux/1693633732/300/ac/2755.png
905;Ghost Stories;1 — 4;12+;60;https://www.myludo.fr/img/jeux/1720505128/300/ai/8860.png
906;Vikings Gone Wild;2 — 4;12+;45 — 60;https://www.myludo.fr/img/jeux/1682848582/300/au/20720.png
907;Niet!;3 — 5;10+;30;https://www.myludo.fr/img/jeux/1702193745/300/ab/1037.png
908;Horreur À Arkham;1 — 8;14+;120 — 180;https://www.myludo.fr/img/jeux/1695273308/300/am/12035.png
909;Horreur À Arkham;1 — 2;14+;60;https://www.myludo.fr/img/jeux/1697962189/300/aa/384.png
910;Thunderstone;2 — 5;12+;60;https://www.myludo.fr/img/jeux/1734456368/300/ag/6407.png
911;Armadöra;2 — 4;8+;30;https://www.myludo.fr/img/jeux/1721479490/300/ac/2121.png
912;Haute Tension De Luxe;2 — 6;12+;120;https://www.myludo.fr/img/jeux/1663678212/300/ab/1500.png
913;Pandémie - Contagion;2 — 5;10+;30;https://www.myludo.fr/img/jeux/1739267938/300/ab/1407.png
914;Sagrada;1 — 4;10+;40;https://www.myludo.fr/img/jeux/1757042574/300/ax/23810.png
915;Creativity;4 — 8;10+;30;https://www.myludo.fr/img/jeux/1735311417/300/ab/1405.png
916;Sheriff Of Nottingham;3 — 5;14+;60;https://www.myludo.fr/img/jeux/1748874781/300/aa/847.png
917;Le Tribunal;3+;18+;30;https://www.myludo.fr/img/jeux/1714122528/300/az/25867.png
918;Yggdrasil;1 — 6;13+;90;https://www.myludo.fr/img/jeux/1703590479/300/bc/28925.png
919;Limite Limite Gold;3 — 10;18+;30;https://www.myludo.fr/img/jeux/1542193708/300/bb/27568.png
920;Limite Limite Limite;3+;18+;30 — 120;https://www.myludo.fr/img/jeux/1758981484/300/at/19695.png
921;Limite Limite;3 — 10;18+;30 — 120;https://www.myludo.fr/img/jeux/1758981021/300/ab/1255.png
922;Kanagawa;2 — 4;10+;45;https://www.myludo.fr/img/jeux/1752129952/300/aa/426.png
923;CIV - Carta Impera Victoria;2 — 4;8+;30;https://www.myludo.fr/img/jeux/1615489833/300/at/19766.png
924;Carcassonne;2 — 5;8+;40;https://www.myludo.fr/img/jeux/1758467635/300/ab/1314.png
925;Intrigue;3 — 5;14+;45;https://www.myludo.fr/img/jeux/1679652007/300/aa/815.png
926;Bohnanza;2 — 7;10+;30 — 60;https://www.myludo.fr/img/jeux/1564070857/300/aq/16614.png
927;Bohnanza;2 — 5;10+;30 — 60;https://www.myludo.fr/img/jeux/1748874959/300/ax/23157.png
928;Saboteur;3 — 10;8+;30;https://www.myludo.fr/img/jeux/1739602143/300/al/11082.png
929;Ganymede;2 — 4;12+;30 — 60;https://www.myludo.fr/img/jeux/1758988763/300/ax/23072.png
930;Gang De Castors;2 — 6;6+;20;https://www.myludo.fr/img/jeux/1673211426/300/bd/29121.png
931;Le Labyrinthe Magique;2 — 4;6+;20 — 30;https://www.myludo.fr/img/jeux/1733306612/300/ag/6939.png
932;Agricola;1 — 4;12+;90;https://www.myludo.fr/img/jeux/1732358248/300/at/19042.png
933;Disque-Monde - Ankh-Morpork;2 — 4;10+;60;https://www.myludo.fr/img/jeux/1711874613/300/ae/4457.png
934;Myrmes;2 — 4;12+;75;https://www.myludo.fr/img/jeux/1757238179/300/ad/3322.png
935;Archipelago;2 — 5;14+;90;https://www.myludo.fr/img/jeux/1733306242/300/ad/3281.png
936;Zombicide : Prison Outbreak;1 — 6;13+;60 — 120;https://www.myludo.fr/img/jeux/1678713138/300/ac/2007.png
937;Zombicide - Rue Morgue;1 — 6;13+;60 — 120;https://www.myludo.fr/img/jeux/1686040455/300/ab/1690.png
938;Zombicide - Black Plague;1 — 6;12+;60 — 120;https://www.myludo.fr/img/jeux/1699805396/300/aw/22915.png
939;Zombicide;1 — 6;13+;60;https://www.myludo.fr/img/jeux/1663057867/300/ad/3323.png
940;Orléans;2 — 4;14+;90;https://www.myludo.fr/img/jeux/1734973714/300/as/18665.png
941;Altiplano;2 — 5;12+;60 — 120;https://www.myludo.fr/img/jeux/1753515213/300/at/19315.png
942;L'Âge De Pierre;2 — 4;10+;60 — 90;https://www.myludo.fr/img/jeux/1689441164/300/aj/9607.png
943;Flipships;1 — 4;8+;30 — 45;https://www.myludo.fr/img/jeux/1716540520/300/ax/23530.png
944;Kingdomino;2 — 4;8+;15;https://www.myludo.fr/img/jeux/1727001870/300/aa/397.png
945;Queendomino;2 — 4;8+;30;https://www.myludo.fr/img/jeux/1757928034/300/at/19261.png
946;Peak Oil;2 — 5;10+;60;https://www.myludo.fr/img/jeux/1744965552/300/au/20618.png
947;Peanut Club;3 — 6;8+;20;https://www.myludo.fr/img/jeux/1756069459/300/ax/23995.png
948;Descendance;2 — 4;12+;90;https://www.myludo.fr/img/jeux/1762358139/300/ad/3917.png
949;Timeline - Multi-Thèmes;2 — 8;8+;15;https://www.myludo.fr/img/jeux/1757629528/300/ad/3260.png
950;Concept;4 — 12;10+;40;https://www.myludo.fr/img/jeux/1759090918/300/ac/2120.png
951;SET;2 — 8;6+;30;https://www.myludo.fr/img/jeux/1733306267/300/ad/3469.png
952;The Island - Strikes Back!!!;2 — 6;8+;45;https://www.myludo.fr/img/jeux/1725545174/300/aa/978.png
953;The Island;2 — 4;8+;45;https://www.myludo.fr/img/jeux/1758873942/300/ad/3666.png
954;Complots 2;2 — 8;8+;15;https://www.myludo.fr/img/jeux/1725538042/300/aa/565.png
955;Complots;2 — 8;8+;15;https://www.myludo.fr/img/jeux/1670523815/300/ac/2412.png
956;Mascarade;2 — 13;10+;30;https://www.myludo.fr/img/jeux/1741868135/300/ac/2300.png
957;Cash'N Guns;4 — 8;10+;30;https://www.myludo.fr/img/jeux/1749624254/300/ab/1636.png
958;Magic Maze;1 — 8;8+;15;https://www.myludo.fr/img/jeux/1711723632/300/at/19913.png
959;Clank!;2 — 4;12+;60;https://www.myludo.fr/img/jeux/1747310002/300/at/19410.png
960;Abyss;2 — 4;14+;45;https://www.myludo.fr/img/jeux/1741790264/300/ab/1616.png
961;Rajas Of The Ganges;2 — 4;12+;45 — 75;https://www.myludo.fr/img/jeux/1748617628/300/at/19459.png
962;The Game - Le Duel;Duo;8+;20;https://www.myludo.fr/img/jeux/1683902706/300/at/19869.png
963;The Game;1 — 5;8+;20;https://www.myludo.fr/img/jeux/1747310428/300/ab/1165.png
964;Huns;2 — 4;14+;45;https://www.myludo.fr/img/jeux/1659793399/300/at/19489.png
965;Star Wars Rébellion;2 — 4;12+;180 — 240;https://www.myludo.fr/img/jeux/1753997369/300/au/20054.png
966;Dr. Eureka;1 — 4;6+;15;https://www.myludo.fr/img/jeux/1730279261/300/aa/947.png
967;Watson & Holmes;2 — 7;12+;60;https://www.myludo.fr/img/jeux/1705764782/300/aa/288.png
968;Kodama;2 — 5;8+;30;https://www.myludo.fr/img/jeux/1694496700/300/aa/482.png
969;Battlestar Galactica - Pegasus;3 — 7;10+;180;https://www.myludo.fr/img/jeux/1745395607/300/ah/7151.png
970;Battlestar Galactica;3 — 6;10+;180;https://www.myludo.fr/img/jeux/1715534128/300/ai/8295.png
971;Outlive;2 — 4;14+;90;https://www.myludo.fr/img/jeux/1707001402/300/aa/111.png
972;Keyforge - L'Appel Des Archontes Boîte De Départ;Duo;14+;45;https://www.myludo.fr/img/jeux/1702046612/300/az/25899.png
973;Cerbère;3 — 7;10+;45;https://www.myludo.fr/img/jeux/1726139341/300/az/25594.png
974;Greenville 1989;3 — 6;16+;20 — 45;https://www.myludo.fr/img/jeux/1735208959/300/bc/28212.png
975;Inis;2 — 4;14+;60;https://www.myludo.fr/img/jeux/1757928330/300/aa/402.png
976;Citadelles;2 — 7;10+;30 — 60;https://www.myludo.fr/img/jeux/1699855771/300/at/19557.png
977;Citadelles;2 — 7;10+;30 — 60;https://www.myludo.fr/img/jeux/1721479627/300/at/19544.png
978;Lords Of Xidit;3 — 5;14+;90;https://www.myludo.fr/img/jeux/1724016890/300/at/19089.png
979;Puerto Rico;2 — 4;10+;30 — 60;https://www.myludo.fr/img/jeux/1756062885/300/ay/24895.png
980;Puerto Rico;2 — 5;12+;90;https://www.myludo.fr/img/jeux/1669388618/300/ah/7544.png
981;Small World;2 — 5;8+;75;https://www.myludo.fr/img/jeux/1735137079/300/ai/8156.png
982;Le Trône De Fer - Mère Des Dragons;3 — 8;12+;150;https://www.myludo.fr/img/jeux/1702304313/300/bc/28768.png
983;Le Trône De Fer;3 — 6;14+;150;https://www.myludo.fr/img/jeux/1742155814/300/ae/4113.png
984;Salade De Cafards;2 — 6;6+;20;https://www.myludo.fr/img/jeux/1722866139/300/ak/10258.png
985;Le Poker Des Cafards;2 — 6;8+;15;https://www.myludo.fr/img/jeux/1726139496/300/ap/15455.png
986;Goths Save The Queen;4 — 8;10+;15;https://www.myludo.fr/img/jeux/1708615701/300/aa/578.png
987;Azul;2 — 4;8+;30 — 45;https://www.myludo.fr/img/jeux/1758023259/300/at/19467.png
988;Les Princes De Catane;Duo;12+;60 — 75;https://www.myludo.fr/img/jeux/1633884580/300/ad/3277.png
989;Les Colons De Catane - La Légende Des Pirates;3 — 4;10+;90;https://www.myludo.fr/img/jeux/1720426004/300/ax/23558.png
990;Catan - Duel;Duo;12+;60 — 75;https://www.myludo.fr/img/jeux/1736920560/300/az/25094.png
991;Catan - Le Trône De Fer;3 — 4;14+;90;https://www.myludo.fr/img/jeux/1755415363/300/ax/23009.png
992;Catan;3 — 4;10+;75;https://www.myludo.fr/img/jeux/1733906574/300/at/19279.png
993;Munchkin Zombies;3 — 6;10+;90;https://www.myludo.fr/img/jeux/1724097752/300/ad/3711.png
994;Munchkin;3 — 6;12+;60;https://www.myludo.fr/img/jeux/1740584642/300/af/5447.png
995;Mito !;3 — 5;7+;20;https://www.myludo.fr/img/jeux/1651737523/300/ad/3938.png
996;Dard Dard;3 — 5;7+;25;https://www.myludo.fr/img/jeux/1729847762/300/ay/24030.png
997;Red Light: A Star Is Porn;2 — 6;18+;50;https://www.myludo.fr/img/jeux/1559102346/300/bc/28034.png
998;Projet Gaia;1 — 4;14+;120;https://www.myludo.fr/img/jeux/1741486546/300/at/19772.png
999;Terra Mystica;2 — 5;12+;60 — 150;https://www.myludo.fr/img/jeux/1725707492/300/ac/2596.png
1000;Rising Sun;3 — 5;14+;90 — 120;https://www.myludo.fr/img/jeux/1753997237/300/au/20761.png
1001;Blood Rage;2 — 4;14+;60 — 90;https://www.myludo.fr/img/jeux/1753997146/300/au/20017.png
1002;Mare Nostrum - Atlas;2 — 6;14+;90 — 120;https://www.myludo.fr/img/jeux/1669310490/300/aa/538.png
1003;Mare Nostrum;3 — 5;14+;120;https://www.myludo.fr/img/jeux/1748874997/300/aa/803.png
1004;Sushi Dice;2 — 6;6+;20;https://www.myludo.fr/img/jeux/1756240128/300/ab/1469.png
1005;Sushi Draft;3 — 5;7+;10;https://www.myludo.fr/img/jeux/1605128044/300/ab/1458.png
1006;Sushi Go !;2 — 5;8+;15;https://www.myludo.fr/img/jeux/1756070787/300/av/21882.png
1007;10' To Kill;2 — 4;10+;10;https://www.myludo.fr/img/jeux/1725632855/300/aa/944.png
1008;Mission Pas Possible;1 — 5;10+;10;https://www.myludo.fr/img/jeux/1684949640/300/at/19451.png
1009;Dixit;3 — 6;8+;30;https://www.myludo.fr/img/jeux/1753042769/300/ab/1579.png
1010;Mysterium;2 — 7;10+;42;https://www.myludo.fr/img/jeux/1761919632/300/ab/1066.png
1011;Time'S Up! Family;4 — 12;8+;30;https://www.myludo.fr/img/jeux/1742371580/300/ay/24656.png
1012;Time'S Up! Party : Version Jaune;4 — 12;12+;40;https://www.myludo.fr/img/jeux/1653209753/300/au/20870.png
1013;Jungle Speed - The Lapins Crétins;2 — 16;7+;20;https://www.myludo.fr/img/jeux/1748260483/300/ag/6213.png
1014;Jungle Speed;3 — 7;7+;20;https://www.myludo.fr/img/jeux/1651844735/300/as/18429.png
1015;7 Wonders;2 — 7;10+;30;https://www.myludo.fr/img/jeux/1709818397/300/ae/4680.png
1016;7 Wonders Duel;Duo;10+;30;https://www.myludo.fr/img/jeux/1753621742/300/ab/1005.png
1017;Les Aventuriers Du Rail - Europe;2 — 5;8+;40;https://www.myludo.fr/img/jeux/1740753858/300/ao/14083.png
1018;Les Aventuriers Du Rail - Scandinavie;2 — 3;8+;40;https://www.myludo.fr/img/jeux/1703634533/300/aj/9046.png
1019;Les Aventuriers Du Rail;2 — 5;8+;45;https://www.myludo.fr/img/jeux/1756067982/300/ae/4484.png
1020;Codenames XXL;2 — 8;14+;30;https://www.myludo.fr/img/jeux/1744192724/300/ba/26980.png
1021;Codenames Duo;2+;12+;15;https://www.myludo.fr/img/jeux/1756383018/300/at/19657.png
1022;Codenames Images;2 — 8;10+;15;https://www.myludo.fr/img/jeux/1639068134/300/aa/807.png
1023;Codenames;2+;12+;15;https://www.myludo.fr/img/jeux/1733805388/300/aa/629.png
1024;Docteur Pilule;4 — 10;10+;15 — 30;https://www.myludo.fr/img/jeux/1675687428/300/aa/259.png
1025;Dogs Of War;3 — 5;14+;75;https://www.myludo.fr/img/jeux/1760243167/300/ab/1453.png
1026;Viticulture;1 — 6;14+;60;https://www.myludo.fr/img/jeux/1706345902/300/at/19646.png
1027;Histoires De Peluches;2 — 4;7+;60 — 90;https://www.myludo.fr/img/jeux/1659685795/300/ba/26677.png
1028;Mice And Mystics - Chagrin & Souvenir;1 — 4;7+;80;https://www.myludo.fr/img/jeux/1756972642/300/ac/2175.png
1029;T.I.M.E Stories;2 — 4;12+;90+;https://www.myludo.fr/img/jeux/1747310468/300/ab/1088.png
1030;My Little Scythe;1 — 6;8+;45;https://www.myludo.fr/img/jeux/1725477110/300/ay/24599.png
1031;Scythe;1 — 5;14+;75 — 150;https://www.myludo.fr/img/jeux/1753049710/300/at/19395.png
1032;Scythe;1 — 5;14+;115;https://www.myludo.fr/img/jeux/1747310253/300/aa/147.png
1033;Mauw;2 — 6;7+;30;https://www.myludo.fr/img/jeux/1609973617/300/ax/23053.png
1034;Mow;2 — 10;7+;15;https://www.myludo.fr/img/jeux/1729522768/300/ai/8864.png
1035;Final Touch;2 — 4;8+;15;https://www.myludo.fr/img/jeux/1709886070/300/aa/703.png
1036;Le Roi Des Nains;3 — 5;10+;40;https://www.myludo.fr/img/jeux/1758984559/300/ae/4572.png
1037;Overseers;3 — 6;14+;30;https://www.myludo.fr/img/jeux/1722882657/300/as/18908.png
1038;Songbirds;1 — 4;8+;20;https://www.myludo.fr/img/jeux/1607122051/300/ax/23997.png
1039;The Mind;2 — 4;8+;20;https://www.myludo.fr/img/jeux/1709502692/300/ax/23301.png
1040;Solenia;1 — 4;10+;30 — 45;https://www.myludo.fr/img/jeux/1755522029/300/az/25845.png
